[{"model": "admin.logentry", "pk": 1, "fields": {"action_time": "2023-11-13T19:33:29.613Z", "user": 1, "content_type": 4, "object_id": "2", "object_repr": "august_sender", "action_flag": 1, "change_message": "[{\"added\": {}}]"}}, {"model": "admin.logentry", "pk": 2, "fields": {"action_time": "2023-11-13T19:35:25.505Z", "user": 1, "content_type": 4, "object_id": "2", "object_repr": "august_sender", "action_flag": 2, "change_message": "[{\"changed\": {\"fields\": [\"Staff status\", \"User permissions\"]}}]"}}, {"model": "admin.logentry", "pk": 3, "fields": {"action_time": "2023-11-13T19:36:13.414Z", "user": 1, "content_type": 4, "object_id": "2", "object_repr": "august_sender", "action_flag": 2, "change_message": "[{\"changed\": {\"fields\": [\"First name\", \"Last name\", \"Email address\"]}}]"}}, {"model": "admin.logentry", "pk": 4, "fields": {"action_time": "2023-11-13T19:36:46.177Z", "user": 1, "content_type": 4, "object_id": "1", "object_repr": "admin", "action_flag": 2, "change_message": "[{\"changed\": {\"fields\": [\"First name\", \"Last name\", \"Email address\"]}}]"}}, {"model": "auth.permission", "pk": 1, "fields": {"name": "Can add log entry", "content_type": 1, "codename": "add_logentry"}}, {"model": "auth.permission", "pk": 2, "fields": {"name": "Can change log entry", "content_type": 1, "codename": "change_logentry"}}, {"model": "auth.permission", "pk": 3, "fields": {"name": "Can delete log entry", "content_type": 1, "codename": "delete_logentry"}}, {"model": "auth.permission", "pk": 4, "fields": {"name": "Can view log entry", "content_type": 1, "codename": "view_logentry"}}, {"model": "auth.permission", "pk": 5, "fields": {"name": "Can add permission", "content_type": 2, "codename": "add_permission"}}, {"model": "auth.permission", "pk": 6, "fields": {"name": "Can change permission", "content_type": 2, "codename": "change_permission"}}, {"model": "auth.permission", "pk": 7, "fields": {"name": "Can delete permission", "content_type": 2, "codename": "delete_permission"}}, {"model": "auth.permission", "pk": 8, "fields": {"name": "Can view permission", "content_type": 2, "codename": "view_permission"}}, {"model": "auth.permission", "pk": 9, "fields": {"name": "Can add group", "content_type": 3, "codename": "add_group"}}, {"model": "auth.permission", "pk": 10, "fields": {"name": "Can change group", "content_type": 3, "codename": "change_group"}}, {"model": "auth.permission", "pk": 11, "fields": {"name": "Can delete group", "content_type": 3, "codename": "delete_group"}}, {"model": "auth.permission", "pk": 12, "fields": {"name": "Can view group", "content_type": 3, "codename": "view_group"}}, {"model": "auth.permission", "pk": 13, "fields": {"name": "Can add user", "content_type": 4, "codename": "add_user"}}, {"model": "auth.permission", "pk": 14, "fields": {"name": "Can change user", "content_type": 4, "codename": "change_user"}}, {"model": "auth.permission", "pk": 15, "fields": {"name": "Can delete user", "content_type": 4, "codename": "delete_user"}}, {"model": "auth.permission", "pk": 16, "fields": {"name": "Can view user", "content_type": 4, "codename": "view_user"}}, {"model": "auth.permission", "pk": 17, "fields": {"name": "Can add content type", "content_type": 5, "codename": "add_contenttype"}}, {"model": "auth.permission", "pk": 18, "fields": {"name": "Can change content type", "content_type": 5, "codename": "change_contenttype"}}, {"model": "auth.permission", "pk": 19, "fields": {"name": "Can delete content type", "content_type": 5, "codename": "delete_contenttype"}}, {"model": "auth.permission", "pk": 20, "fields": {"name": "Can view content type", "content_type": 5, "codename": "view_contenttype"}}, {"model": "auth.permission", "pk": 21, "fields": {"name": "Can add session", "content_type": 6, "codename": "add_session"}}, {"model": "auth.permission", "pk": 22, "fields": {"name": "Can change session", "content_type": 6, "codename": "change_session"}}, {"model": "auth.permission", "pk": 23, "fields": {"name": "Can delete session", "content_type": 6, "codename": "delete_session"}}, {"model": "auth.permission", "pk": 24, "fields": {"name": "Can view session", "content_type": 6, "codename": "view_session"}}, {"model": "auth.permission", "pk": 25, "fields": {"name": "Can add attachment", "content_type": 7, "codename": "add_attachment"}}, {"model": "auth.permission", "pk": 26, "fields": {"name": "Can change attachment", "content_type": 7, "codename": "change_attachment"}}, {"model": "auth.permission", "pk": 27, "fields": {"name": "Can delete attachment", "content_type": 7, "codename": "delete_attachment"}}, {"model": "auth.permission", "pk": 28, "fields": {"name": "Can view attachment", "content_type": 7, "codename": "view_attachment"}}, {"model": "auth.permission", "pk": 29, "fields": {"name": "Can add Клиент", "content_type": 8, "codename": "add_client"}}, {"model": "auth.permission", "pk": 30, "fields": {"name": "Can change Клиент", "content_type": 8, "codename": "change_client"}}, {"model": "auth.permission", "pk": 31, "fields": {"name": "Can delete Клиент", "content_type": 8, "codename": "delete_client"}}, {"model": "auth.permission", "pk": 32, "fields": {"name": "Can view Клиент", "content_type": 8, "codename": "view_client"}}, {"model": "auth.permission", "pk": 33, "fields": {"name": "Can add Заказ", "content_type": 9, "codename": "add_order"}}, {"model": "auth.permission", "pk": 34, "fields": {"name": "Can change Заказ", "content_type": 9, "codename": "change_order"}}, {"model": "auth.permission", "pk": 35, "fields": {"name": "Can delete Заказ", "content_type": 9, "codename": "delete_order"}}, {"model": "auth.permission", "pk": 36, "fields": {"name": "Can view Заказ", "content_type": 9, "codename": "view_order"}}, {"model": "auth.permission", "pk": 37, "fields": {"name": "Can add Позиция", "content_type": 10, "codename": "add_orderposition"}}, {"model": "auth.permission", "pk": 38, "fields": {"name": "Can change Позиция", "content_type": 10, "codename": "change_orderposition"}}, {"model": "auth.permission", "pk": 39, "fields": {"name": "Can delete Позиция", "content_type": 10, "codename": "delete_orderposition"}}, {"model": "auth.permission", "pk": 40, "fields": {"name": "Can view Позиция", "content_type": 10, "codename": "view_orderposition"}}, {"model": "auth.user", "pk": 1, "fields": {"password": "pbkdf2_sha256$600000$079oIOVpNEgttSxYLyBvuP$hZGFLKqkDw8w3JePyENvxouoCLx6jFavr7ZY2lVOZTM=", "last_login": "2024-03-12T19:31:18.981Z", "is_superuser": true, "username": "admin", "first_name": "Евланов", "last_name": "Максим", "email": "lpsys1@gmail.com", "is_staff": true, "is_active": true, "date_joined": "2023-11-13T18:05:17Z", "groups": [], "user_permissions": []}}, {"model": "auth.user", "pk": 2, "fields": {"password": "pbkdf2_sha256$600000$R1u3bernfeyDicMhOOkLmE$E6CdfqN0slSm34Lhw//EU5LpNvcFdbLKMe1KSDIIrfM=", "last_login": "2024-02-27T15:58:06.707Z", "is_superuser": false, "username": "august_sender", "first_name": "Степан", "last_name": "Лишин", "email": "Leshiy8@gmail.com", "is_staff": true, "is_active": true, "date_joined": "2023-11-13T19:33:28Z", "groups": [], "user_permissions": [17, 18, 19, 20, 25, 26, 27, 28, 29, 30, 31, 32, 33, 34, 35, 36, 37, 38, 39, 40, 21, 22, 23, 24]}}, {"model": "contenttypes.contenttype", "pk": 1, "fields": {"app_label": "admin", "model": "logentry"}}, {"model": "contenttypes.contenttype", "pk": 2, "fields": {"app_label": "auth", "model": "permission"}}, {"model": "contenttypes.contenttype", "pk": 3, "fields": {"app_label": "auth", "model": "group"}}, {"model": "contenttypes.contenttype", "pk": 4, "fields": {"app_label": "auth", "model": "user"}}, {"model": "contenttypes.contenttype", "pk": 5, "fields": {"app_label": "contenttypes", "model": "contenttype"}}, {"model": "contenttypes.contenttype", "pk": 6, "fields": {"app_label": "sessions", "model": "session"}}, {"model": "contenttypes.contenttype", "pk": 7, "fields": {"app_label": "django_summernote", "model": "attachment"}}, {"model": "contenttypes.contenttype", "pk": 8, "fields": {"app_label": "mainapp", "model": "client"}}, {"model": "contenttypes.contenttype", "pk": 9, "fields": {"app_label": "mainapp", "model": "order"}}, {"model": "contenttypes.contenttype", "pk": 10, "fields": {"app_label": "mainapp", "model": "orderposition"}}, {"model": "sessions.session", "pk": "0fskfm9nplmsqk4hd3jo249meywd65ay", "fields": {"session_data": ".eJxVjEEOwiAQRe_C2pC2FDrTpXvPQGAYLGrAlDbRGO-uTbrp9r_3_kfYyrWmki2_nml-i1GZpjkJ69Zlsmvl2aYgRtGJw-Yd3TlvINxcvhZJJS9z8nJT5E6rvJTAj_PuHg4mV6d_DYMJrDwwaQRUGvvOsY7K9QjGcNsNEQfdY0sUAzgPAYEw-kYRQCAW3x-ExkAZ:1rEXg7:Q3gwqCVXoQDLRemJVayr8dYPhGb7iEAbS_CCRZyQKVk", "expire_date": "2023-12-16T17:38:15.485Z"}}, {"model": "sessions.session", "pk": "19p61mzf0mi0tuafbeewzbkybo94uv9a", "fields": {"session_data": ".eJxVjEEOwiAQRe_C2pBSLNAu3XsGMjAzFjVgSptojHe3Tbrp9r_3_lf4SrWmkj29X2n6iEGbpjkJD8s8-qXS5BOKQShx2ALEB-UN4B3yrchY8jylIDdF7rTKa0F6Xnb3cDBCHde6Zc0UGcBZi51uqe-hsU4bUtq4Fen-bDEGpZFYcacwuIDUKWYDjWbx-wOrbkDY:1rk7qI:ZfIbCz16Ugz9IG7aTj5xsHX8VCnUqTlpYxj7fAhC61Q", "expire_date": "2024-03-12T20:31:18.984Z"}}, {"model": "sessions.session", "pk": "1ok73g6tt8r8vri00omrx9z3vrgv9rq1", "fields": {"session_data": ".eJxVjEEOwiAQRe_C2pC2FDrTpXvPQGAYLGrAlDbRGO-uTbrp9r_3_kfYyrWmki2_nml-i1GZpjkJ69Zlsmvl2aYgRtGJw-Yd3TlvINxcvhZJJS9z8nJT5E6rvJTAj_PuHg4mV6d_DYMJrDwwaQRUGvvOsY7K9QjGcNsNEQfdY0sUAzgPAYEw-kYRQCAW3x-ExkAZ:1rSrvI:bAMwMIT2t3PR53zClCwLvkgzsqCjnhD5tJpMcT-w-Nk", "expire_date": "2024-01-25T06:05:08.887Z"}}, {"model": "sessions.session", "pk": "1rumnhsn5c6mfvf4jeb47faobk105i8h", "fields": {"session_data": ".eJxVjEEOwiAQRe_C2pC2FDrTpXvPQGAYLGrAlDbRGO-uTbrp9r_3_kfYyrWmki2_nml-i1GZpjkJ69Zlsmvl2aYgRtGJw-Yd3TlvINxcvhZJJS9z8nJT5E6rvJTAj_PuHg4mV6d_DYMJrDwwaQRUGvvOsY7K9QjGcNsNEQfdY0sUAzgPAYEw-kYRQCAW3x-ExkAZ:1rezqI:cHup2T1dCUmSBFO_R4TnhcfTlkRlB-km-R2tM1eAFZA", "expire_date": "2024-02-27T16:58:06.710Z"}}, {"model": "sessions.session", "pk": "1t8gy2eusmzsbxnppyjj0vmdhxg65zn5", "fields": {"session_data": ".eJxVjEEOwiAQRe_C2pC2FDrTpXvPQGAYLGrAlDbRGO-uTbrp9r_3_kfYyrWmki2_nml-i1GZpjkJ69Zlsmvl2aYgRtGJw-Yd3TlvINxcvhZJJS9z8nJT5E6rvJTAj_PuHg4mV6d_DYMJrDwwaQRUGvvOsY7K9QjGcNsNEQfdY0sUAzgPAYEw-kYRQCAW3x-ExkAZ:1r3C3e:jECwzDNTUA2fR1RA7sukc4wuNli7DEbSXZ55z1t9JKo", "expire_date": "2023-11-15T10:19:38.141Z"}}, {"model": "sessions.session", "pk": "1yp4rg5lfut9os85o90jcoel1e0lhwr4", "fields": {"session_data": ".eJxVjEEOwiAQRe_C2pC2FDrTpXvPQGAYLGrAlDbRGO-uTbrp9r_3_kfYyrWmki2_nml-i1GZpjkJ69Zlsmvl2aYgRtGJw-Yd3TlvINxcvhZJJS9z8nJT5E6rvJTAj_PuHg4mV6d_DYMJrDwwaQRUGvvOsY7K9QjGcNsNEQfdY0sUAzgPAYEw-kYRQCAW3x-ExkAZ:1rAUZQ:wflol7SdIscHVutKVmPSDpHUxfPktrbTkweWgcSTUEQ", "expire_date": "2023-12-05T13:30:36.331Z"}}, {"model": "sessions.session", "pk": "2sku9bmbhbi0ilofld5gqwgcj2amtfyv", "fields": {"session_data": ".eJxVjEEOwiAQRe_C2pC2FDrTpXvPQGAYLGrAlDbRGO-uTbrp9r_3_kfYyrWmki2_nml-i1GZpjkJ69Zlsmvl2aYgRtGJw-Yd3TlvINxcvhZJJS9z8nJT5E6rvJTAj_PuHg4mV6d_DYMJrDwwaQRUGvvOsY7K9QjGcNsNEQfdY0sUAzgPAYEw-kYRQCAW3x-ExkAZ:1rexwm:09nXz0yPeq7kbUIMCW4N6E2g6GnpRJAzkhlL5vnm9qQ", "expire_date": "2024-02-27T14:56:40.447Z"}}, {"model": "sessions.session", "pk": "3clk31ywn9hug6i714ju56teqif7cx79", "fields": {"session_data": ".eJxVjEEOwiAQRe_C2pC2FDrTpXvPQGAYLGrAlDbRGO-uTbrp9r_3_kfYyrWmki2_nml-i1GZpjkJ69Zlsmvl2aYgRtGJw-Yd3TlvINxcvhZJJS9z8nJT5E6rvJTAj_PuHg4mV6d_DYMJrDwwaQRUGvvOsY7K9QjGcNsNEQfdY0sUAzgPAYEw-kYRQCAW3x-ExkAZ:1rZ94M:qG3gBpgTYlTMydIRt779rxchVnR3sf_ny3VQ-SbACQs", "expire_date": "2024-02-11T13:36:26.575Z"}}, {"model": "sessions.session", "pk": "4bls8z40yawm7s6wznhtfur1epfabjkw", "fields": {"session_data": ".eJxVjEEOwiAQRe_C2pC2FDrTpXvPQGAYLGrAlDbRGO-uTbrp9r_3_kfYyrWmki2_nml-i1GZpjkJ69Zlsmvl2aYgRtGJw-Yd3TlvINxcvhZJJS9z8nJT5E6rvJTAj_PuHg4mV6d_DYMJrDwwaQRUGvvOsY7K9QjGcNsNEQfdY0sUAzgPAYEw-kYRQCAW3x-ExkAZ:1relX7:L9fLsFN0m3PJSGKlzA8sVRhuVl34N-PRyKWwTDgHwdg", "expire_date": "2024-02-27T01:41:21.031Z"}}, {"model": "sessions.session", "pk": "4vdn9v30rynkbamc0gm52zyjrnazsft3", "fields": {"session_data": ".eJxVjDkOwjAUBe_iGlm25XihpOcM0d-MA8iWslSIu0OkFNC-mXkvNcK21nFbZB4nVmdl1el3Q6CHtB3wHdqta-ptnSfUu6IPuuhrZ3leDvfvoMJSvzVajuSwUEqDcQSFjHBwErwTw5SjEXRoXbFDZJ_AFuDkM_hgsGRg9f4ACT044Q:1reEZf:k3JJscR8K_R7BJRHABxHMSdlMl_zW0mlr0NuyWjbS0s", "expire_date": "2024-03-26T13:29:47.033Z"}}, {"model": "sessions.session", "pk": "5dsw847ggn0m4cj5546gk0nlhizg5vw2", "fields": {"session_data": ".eJxVjEEOwiAQRe_C2hBASqlL956BDDODRQ2Y0iYa4921STfd_vfe_4jQuLVcS-DXM09vcTo6pQ4iwDKPYWk8hUziJLTYbRHwzmUFdINyrRJrmacc5arIjTZ5qcSP8-buDkZo47-Omno0MaH3nTIICRWTM-ysYUU49Iqjidok3fVkPegE5O0A1qmYBiDx_QGwMUC3:1r6BZn:x0xdUqsNu-P8VfQzU4mBQdKWp2MrYevi0SSjbc6E_sw", "expire_date": "2023-11-23T16:25:11.025Z"}}, {"model": "sessions.session", "pk": "5qgcm822hbv88qk5ruyl04ddum20fys3", "fields": {"session_data": ".eJxVjEEOwiAQRe_C2pC2FDrTpXvPQGAYLGrAlDbRGO-uTbrp9r_3_kfYyrWmki2_nml-i1GZpjkJ69Zlsmvl2aYgRtGJw-Yd3TlvINxcvhZJJS9z8nJT5E6rvJTAj_PuHg4mV6d_DYMJrDwwaQRUGvvOsY7K9QjGcNsNEQfdY0sUAzgPAYEw-kYRQCAW3x-ExkAZ:1rEmgH:NYN1lYIDyvkhP3Rs1rw9rbulIpAw0r4-HwsM0y7egUQ", "expire_date": "2023-12-17T09:39:25.336Z"}}, {"model": "sessions.session", "pk": "68dynuncrwkzts1z61v2705cy81mx5kz", "fields": {"session_data": ".eJxVjEEOwiAQRe_C2pC2FDrTpXvPQGAYLGrAlDbRGO-uTbrp9r_3_kfYyrWmki2_nml-i1GZpjkJ69Zlsmvl2aYgRtGJw-Yd3TlvINxcvhZJJS9z8nJT5E6rvJTAj_PuHg4mV6d_DYMJrDwwaQRUGvvOsY7K9QjGcNsNEQfdY0sUAzgPAYEw-kYRQCAW3x-ExkAZ:1r9rkA:eas3Ap1zVfM5l21pOIjerbRhNxGhA8UfoGbZgZoHut4", "expire_date": "2023-12-03T20:03:06.718Z"}}, {"model": "sessions.session", "pk": "6xvojgiz3buejfe0da3s2kdck1kwrt25", "fields": {"session_data": ".eJxVjEEOwiAQRe_C2pC2FDrTpXvPQGAYLGrAlDbRGO-uTbrp9r_3_kfYyrWmki2_nml-i1GZpjkJ69Zlsmvl2aYgRtGJw-Yd3TlvINxcvhZJJS9z8nJT5E6rvJTAj_PuHg4mV6d_DYMJrDwwaQRUGvvOsY7K9QjGcNsNEQfdY0sUAzgPAYEw-kYRQCAW3x-ExkAZ:1rGJpS:i0jy5Ka4v7FbJDSJUYDJhzZgv7I5Q5Zm9LlgzD3tj-w", "expire_date": "2023-12-21T15:15:14.929Z"}}, {"model": "sessions.session", "pk": "6zxoi8hn0npx6t7wyjbfuma84r5uyccx", "fields": {"session_data": ".eJxVjEEOwiAQRe_C2pC2FDrTpXvPQGAYLGrAlDbRGO-uTbrp9r_3_kfYyrWmki2_nml-i1GZpjkJ69Zlsmvl2aYgRtGJw-Yd3TlvINxcvhZJJS9z8nJT5E6rvJTAj_PuHg4mV6d_DYMJrDwwaQRUGvvOsY7K9QjGcNsNEQfdY0sUAzgPAYEw-kYRQCAW3x-ExkAZ:1r3Kn7:i6_izwXzxiuD8UhZvJ4oXwnwGmSHJCLVVRoFYkFjLZM", "expire_date": "2023-11-15T19:39:09.125Z"}}, {"model": "sessions.session", "pk": "7680sjusrifhzv0hrhn2of7ynb6otkys", "fields": {"session_data": ".eJxVjEEOwiAQRe_C2hBASqlL956BDDODRQ2Y0iYa4921STfd_vfe_4jQuLVcS-DXM09vcTo6pQ4iwDKPYWk8hUziJLTYbRHwzmUFdINyrRJrmacc5arIjTZ5qcSP8-buDkZo47-Omno0MaH3nTIICRWTM-ysYUU49Iqjidok3fVkPegE5O0A1qmYBiDx_QGwMUC3:1rIYIj:JGlbGEuiIOCAe-aqHDlwBReVfD92zlKl_z1JAer069c", "expire_date": "2023-12-27T19:06:41.274Z"}}, {"model": "sessions.session", "pk": "76r0g8bcohayf5swbmcpkhu1dav8wk0q", "fields": {"session_data": ".eJxVjEEOwiAQRe_C2hBASqlL956BDDODRQ2Y0iYa4921STfd_vfe_4jQuLVcS-DXM09vcTo6pQ4iwDKPYWk8hUziJLTYbRHwzmUFdINyrRJrmacc5arIjTZ5qcSP8-buDkZo47-Omno0MaH3nTIICRWTM-ysYUU49Iqjidok3fVkPegE5O0A1qmYBiDx_QGwMUC3:1r3vto:f4CRjUgP_8f18EJipWIdPMRdfJEAMUYMvV6x0OuT7Is", "expire_date": "2023-11-17T11:16:32.996Z"}}, {"model": "sessions.session", "pk": "77f66ijzz29v4wky1ck0b0nogj999mt3", "fields": {"session_data": ".eJxVjEEOwiAQRe_C2pC2FDrTpXvPQGAYLGrAlDbRGO-uTbrp9r_3_kfYyrWmki2_nml-i1GZpjkJ69Zlsmvl2aYgRtGJw-Yd3TlvINxcvhZJJS9z8nJT5E6rvJTAj_PuHg4mV6d_DYMJrDwwaQRUGvvOsY7K9QjGcNsNEQfdY0sUAzgPAYEw-kYRQCAW3x-ExkAZ:1rTkWZ:FYQDUyS7d7rudCKXIKoKVSHVpikj86nibU9GZqT_OTQ", "expire_date": "2024-01-27T16:23:15.524Z"}}, {"model": "sessions.session", "pk": "80fk63jnorpym8p50xjkto6hduka97oo", "fields": {"session_data": ".eJxVjDkOwjAUBe_iGlm25XihpOcM0d-MA8iWslSIu0OkFNC-mXkvNcK21nFbZB4nVmdl1el3Q6CHtB3wHdqta-ptnSfUu6IPuuhrZ3leDvfvoMJSvzVajuSwUEqDcQSFjHBwErwTw5SjEXRoXbFDZJ_AFuDkM_hgsGRg9f4ACT044Q:1r6CWr:kYy--CyvBqbH0bknQFTq0N25hk7FMq92zyZuqo09P18", "expire_date": "2023-12-23T16:26:13.311Z"}}, {"model": "sessions.session", "pk": "866oqkxv7qb4nq5h09w88mja6api3rcm", "fields": {"session_data": ".eJxVjEEOwiAQRe_C2pC2FDrTpXvPQGAYLGrAlDbRGO-uTbrp9r_3_kfYyrWmki2_nml-i1GZpjkJ69Zlsmvl2aYgRtGJw-Yd3TlvINxcvhZJJS9z8nJT5E6rvJTAj_PuHg4mV6d_DYMJrDwwaQRUGvvOsY7K9QjGcNsNEQfdY0sUAzgPAYEw-kYRQCAW3x-ExkAZ:1rUlI9:6EW0mEesHizBDckItG3xT36zGOPAx-9fS3l1I2_OOVw", "expire_date": "2024-01-30T11:24:33.216Z"}}, {"model": "sessions.session", "pk": "8dw6vaf5sr0lkdrw4t7mpx6ga793aux0", "fields": {"session_data": ".eJxVjEEOwiAQRe_C2hBASqlL956BDDODRQ2Y0iYa4921STfd_vfe_4jQuLVcS-DXM09vcTo6pQ4iwDKPYWk8hUziJLTYbRHwzmUFdINyrRJrmacc5arIjTZ5qcSP8-buDkZo47-Omno0MaH3nTIICRWTM-ysYUU49Iqjidok3fVkPegE5O0A1qmYBiDx_QGwMUC3:1rbOrH:lvRATPwkKniD0eayChIZjUX8-wDv2DNj2cVvRUngB5c", "expire_date": "2024-02-17T18:52:15.875Z"}}, {"model": "sessions.session", "pk": "8sajx2r9nbosmjsdiekylqd4e2e9ohb9", "fields": {"session_data": ".eJxVjEEOwiAQRe_C2pC2FDrTpXvPQGAYLGrAlDbRGO-uTbrp9r_3_kfYyrWmki2_nml-i1GZpjkJ69Zlsmvl2aYgRtGJw-Yd3TlvINxcvhZJJS9z8nJT5E6rvJTAj_PuHg4mV6d_DYMJrDwwaQRUGvvOsY7K9QjGcNsNEQfdY0sUAzgPAYEw-kYRQCAW3x-ExkAZ:1r8wLg:TpGrq7Xp8HAQXj-zWyd3kQ00aKEbkWqBVYllhco9LKI", "expire_date": "2023-12-01T06:46:00.471Z"}}, {"model": "sessions.session", "pk": "8ybwovq8ejynaxmjuhp6g2rurvozyitw", "fields": {"session_data": ".eJxVjEEOwiAQRe_C2pC2FDrTpXvPQGAYLGrAlDbRGO-uTbrp9r_3_kfYyrWmki2_nml-i1GZpjkJ69Zlsmvl2aYgRtGJw-Yd3TlvINxcvhZJJS9z8nJT5E6rvJTAj_PuHg4mV6d_DYMJrDwwaQRUGvvOsY7K9QjGcNsNEQfdY0sUAzgPAYEw-kYRQCAW3x-ExkAZ:1rBtQY:Ep18OS26U7fQHlCiYiUaQuo2qfg7bwRDdPaEFw_bpj4", "expire_date": "2023-12-09T10:15:14.544Z"}}, {"model": "sessions.session", "pk": "96rjwpm79z3844iv4odof9rcotfhe33m", "fields": {"session_data": ".eJxVjEEOwiAQRe_C2hBASqlL956BDDODRQ2Y0iYa4921STfd_vfe_4jQuLVcS-DXM09vcTo6pQ4iwDKPYWk8hUziJLTYbRHwzmUFdINyrRJrmacc5arIjTZ5qcSP8-buDkZo47-Omno0MaH3nTIICRWTM-ysYUU49Iqjidok3fVkPegE5O0A1qmYBiDx_QGwMUC3:1rMtuY:PutZ74nMjah_LvcJgZ9ipPrsMH-dzoBwZA0KcQyAF6s", "expire_date": "2024-01-08T18:59:42.427Z"}}, {"model": "sessions.session", "pk": "972fgql0c5fpsclzux46prnbfftcan5z", "fields": {"session_data": ".eJxVjEEOwiAQRe_C2pC2FDrTpXvPQGAYLGrAlDbRGO-uTbrp9r_3_kfYyrWmki2_nml-i1GZpjkJ69Zlsmvl2aYgRtGJw-Yd3TlvINxcvhZJJS9z8nJT5E6rvJTAj_PuHg4mV6d_DYMJrDwwaQRUGvvOsY7K9QjGcNsNEQfdY0sUAzgPAYEw-kYRQCAW3x-ExkAZ:1rOhVZ:sMoYfBdRSGz8sI4G15hQkDfEejMBu-Fiztk1tBorTcE", "expire_date": "2024-01-13T18:09:21.784Z"}}, {"model": "sessions.session", "pk": "98ys606lx7nbvcdnyq038gijqc4uihct", "fields": {"session_data": ".eJxVjEEOwiAQRe_C2hBASqlL956BDDODRQ2Y0iYa4921STfd_vfe_4jQuLVcS-DXM09vcTo6pQ4iwDKPYWk8hUziJLTYbRHwzmUFdINyrRJrmacc5arIjTZ5qcSP8-buDkZo47-Omno0MaH3nTIICRWTM-ysYUU49Iqjidok3fVkPegE5O0A1qmYBiDx_QGwMUC3:1r2xZd:MYSHmSFH-fSEkWpppbF8-bVHPjOdRu5i83ahorwGXY4", "expire_date": "2023-11-14T18:51:41.211Z"}}, {"model": "sessions.session", "pk": "9emqal4ruh387ds44ahscgu1bu0r1ibf", "fields": {"session_data": ".eJxVjDkOwjAUBe_iGlm25XihpOcM0d-MA8iWslSIu0OkFNC-mXkvNcK21nFbZB4nVmdl1el3Q6CHtB3wHdqta-ptnSfUu6IPuuhrZ3leDvfvoMJSvzVajuSwUEqDcQSFjHBwErwTw5SjEXRoXbFDZJ_AFuDkM_hgsGRg9f4ACT044Q:1rRywW:h-7DHNWVMndjzIH4ul8S8iKsLPp0VBYMMXwFuYq5iKE", "expire_date": "2024-02-21T18:22:44.829Z"}}, {"model": "sessions.session", "pk": "abyyqnwb4fw5k30eqtjk7iwvx8rpezfw", "fields": {"session_data": ".eJxVjEEOwiAQRe_C2pC2FDrTpXvPQGAYLGrAlDbRGO-uTbrp9r_3_kfYyrWmki2_nml-i1GZpjkJ69Zlsmvl2aYgRtGJw-Yd3TlvINxcvhZJJS9z8nJT5E6rvJTAj_PuHg4mV6d_DYMJrDwwaQRUGvvOsY7K9QjGcNsNEQfdY0sUAzgPAYEw-kYRQCAW3x-ExkAZ:1r9zkx:0F59JaVtLALvMBUEzXMrQsgXeWNg2KBQxQG1fp6l6vE", "expire_date": "2023-12-04T04:36:27.938Z"}}, {"model": "sessions.session", "pk": "agmh9pb3jtaf79ipvef931p5xp8ptcew", "fields": {"session_data": ".eJxVjEEOwiAQRe_C2hBASqlL956BDDODRQ2Y0iYa4921STfd_vfe_4jQuLVcS-DXM09vcTo6pQ4iwDKPYWk8hUziJLTYbRHwzmUFdINyrRJrmacc5arIjTZ5qcSP8-buDkZo47-Omno0MaH3nTIICRWTM-ysYUU49Iqjidok3fVkPegE5O0A1qmYBiDx_QGwMUC3:1rP61o:tQmAyfDrcKfS8ZmLTxPoBRIkjGDIQ_HPbPIpGfV9PJg", "expire_date": "2024-01-14T20:20:16.885Z"}}, {"model": "sessions.session", "pk": "akbwp0zq1ch37r39bazuem6fcs96wps0", "fields": {"session_data": ".eJxVjEEOwiAQRe_C2pC2FDrTpXvPQGAYLGrAlDbRGO-uTbrp9r_3_kfYyrWmki2_nml-i1GZpjkJ69Zlsmvl2aYgRtGJw-Yd3TlvINxcvhZJJS9z8nJT5E6rvJTAj_PuHg4mV6d_DYMJrDwwaQRUGvvOsY7K9QjGcNsNEQfdY0sUAzgPAYEw-kYRQCAW3x-ExkAZ:1rOvZh:T32buYi-r_YP10sGwX1Xy-sGij4AOUEzncBfDSfPb6c", "expire_date": "2024-01-14T09:10:33.257Z"}}, {"model": "sessions.session", "pk": "aogpyx9yrw26hbnm1n1tjnfcwjl60xmk", "fields": {"session_data": ".eJxVjEEOwiAQRe_C2pC2FDrTpXvPQGAYLGrAlDbRGO-uTbrp9r_3_kfYyrWmki2_nml-i1GZpjkJ69Zlsmvl2aYgRtGJw-Yd3TlvINxcvhZJJS9z8nJT5E6rvJTAj_PuHg4mV6d_DYMJrDwwaQRUGvvOsY7K9QjGcNsNEQfdY0sUAzgPAYEw-kYRQCAW3x-ExkAZ:1r3Hru:CSLgjNOUqWbRU1zubiVNWEqVrV69AUl-28_v6OGvd4E", "expire_date": "2023-11-15T16:31:54.625Z"}}, {"model": "sessions.session", "pk": "arnecm4fm42n85ocp9qa82mazlrowvu3", "fields": {"session_data": ".eJxVjEEOwiAQRe_C2pC2FDrTpXvPQGAYLGrAlDbRGO-uTbrp9r_3_kfYyrWmki2_nml-i1GZpjkJ69Zlsmvl2aYgRtGJw-Yd3TlvINxcvhZJJS9z8nJT5E6rvJTAj_PuHg4mV6d_DYMJrDwwaQRUGvvOsY7K9QjGcNsNEQfdY0sUAzgPAYEw-kYRQCAW3x-ExkAZ:1rR9WF:YqIUZv224JxdZMO2N-h8-bsa743nQTh2EFSkIokva6k", "expire_date": "2024-01-20T12:28:11.259Z"}}, {"model": "sessions.session", "pk": "bb4y8rhx45ranhdagbvr3mutq2w3tiys", "fields": {"session_data": ".eJxVjEEOwiAQRe_C2pC2FDrTpXvPQGAYLGrAlDbRGO-uTbrp9r_3_kfYyrWmki2_nml-i1GZpjkJ69Zlsmvl2aYgRtGJw-Yd3TlvINxcvhZJJS9z8nJT5E6rvJTAj_PuHg4mV6d_DYMJrDwwaQRUGvvOsY7K9QjGcNsNEQfdY0sUAzgPAYEw-kYRQCAW3x-ExkAZ:1rTFAe:RHAJn9Mn8b4NETbdhUSGlTxFdhpFlx-crEGH332UAh8", "expire_date": "2024-01-26T06:54:32.811Z"}}, {"model": "sessions.session", "pk": "bz2w48p4ucocsnz0asl86wksr0vzdb7j", "fields": {"session_data": ".eJxVjEEOwiAQRe_C2pC2FDrTpXvPQGAYLGrAlDbRGO-uTbrp9r_3_kfYyrWmki2_nml-i1GZpjkJ69Zlsmvl2aYgRtGJw-Yd3TlvINxcvhZJJS9z8nJT5E6rvJTAj_PuHg4mV6d_DYMJrDwwaQRUGvvOsY7K9QjGcNsNEQfdY0sUAzgPAYEw-kYRQCAW3x-ExkAZ:1r2sAe:0lsAzjQHiRGH9LYdSaZksU9MHa_7krtYXL4xFa9mkRI", "expire_date": "2023-11-14T13:05:32.497Z"}}, {"model": "sessions.session", "pk": "cuprcib3myynyl72lg1wa5pw0155mji1", "fields": {"session_data": ".eJxVjEEOwiAQRe_C2hBASqlL956BDDODRQ2Y0iYa4921STfd_vfe_4jQuLVcS-DXM09vcTo6pQ4iwDKPYWk8hUziJLTYbRHwzmUFdINyrRJrmacc5arIjTZ5qcSP8-buDkZo47-Omno0MaH3nTIICRWTM-ysYUU49Iqjidok3fVkPegE5O0A1qmYBiDx_QGwMUC3:1rN70t:8oin6Ey9x1Dh-QUOhMvoDYpJX0sgyfeW67EuCyGQw3Q", "expire_date": "2024-01-09T08:59:07.343Z"}}, {"model": "sessions.session", "pk": "dqoygk4261gso4fbcr80hx1s2u05vq41", "fields": {"session_data": ".eJxVjDkOwjAUBe_iGlm25XihpOcM0d-MA8iWslSIu0OkFNC-mXkvNcK21nFbZB4nVmdl1el3Q6CHtB3wHdqta-ptnSfUu6IPuuhrZ3leDvfvoMJSvzVajuSwUEqDcQSFjHBwErwTw5SjEXRoXbFDZJ_AFuDkM_hgsGRg9f4ACT044Q:1rf1s3:QFU71BFR5Ov-HC1yvwDp9Dl_x9XbZ0A-hh0LZawX4C8", "expire_date": "2024-03-28T18:08:03.703Z"}}, {"model": "sessions.session", "pk": "e38dwlcld8jy4ruxs7xvuzwtmu64xs6d", "fields": {"session_data": ".eJxVjEEOwiAQRe_C2pC2FDrTpXvPQGAYLGrAlDbRGO-uTbrp9r_3_kfYyrWmki2_nml-i1GZpjkJ69Zlsmvl2aYgRtGJw-Yd3TlvINxcvhZJJS9z8nJT5E6rvJTAj_PuHg4mV6d_DYMJrDwwaQRUGvvOsY7K9QjGcNsNEQfdY0sUAzgPAYEw-kYRQCAW3x-ExkAZ:1revYX:fPNM2-slFHZrBaehlFifyPayd3dpbzLDFUx4NKTjHSk", "expire_date": "2024-02-27T12:23:29.057Z"}}, {"model": "sessions.session", "pk": "ecdfbky03t70jwynqt5sl5qkqfkusyvy", "fields": {"session_data": ".eJxVjEEOwiAQRe_C2hBASqlL956BDDODRQ2Y0iYa4921STfd_vfe_4jQuLVcS-DXM09vcTo6pQ4iwDKPYWk8hUziJLTYbRHwzmUFdINyrRJrmacc5arIjTZ5qcSP8-buDkZo47-Omno0MaH3nTIICRWTM-ysYUU49Iqjidok3fVkPegE5O0A1qmYBiDx_QGwMUC3:1r3JXR:llEH-he4WUkf3-pZ5fZZlCVzdxPONcNY7O6c8sAaHEY", "expire_date": "2023-11-15T18:18:53.298Z"}}, {"model": "sessions.session", "pk": "eco6fx0wjq70ej8igue3xfzmeworcck6", "fields": {"session_data": ".eJxVjEEOwiAQRe_C2pC2FDrTpXvPQGAYLGrAlDbRGO-uTbrp9r_3_kfYyrWmki2_nml-i1GZpjkJ69Zlsmvl2aYgRtGJw-Yd3TlvINxcvhZJJS9z8nJT5E6rvJTAj_PuHg4mV6d_DYMJrDwwaQRUGvvOsY7K9QjGcNsNEQfdY0sUAzgPAYEw-kYRQCAW3x-ExkAZ:1r2xjP:ljO3bHFkn9vTgGt4UAl9YQdmhr7x7R5c8RdQSbLWF6s", "expire_date": "2023-11-14T19:01:47.268Z"}}, {"model": "sessions.session", "pk": "eef6xs8zmkt8wfe1paddvqp4615glpz3", "fields": {"session_data": ".eJxVjEEOwiAQRe_C2pC2FDrTpXvPQGAYLGrAlDbRGO-uTbrp9r_3_kfYyrWmki2_nml-i1GZpjkJ69Zlsmvl2aYgRtGJw-Yd3TlvINxcvhZJJS9z8nJT5E6rvJTAj_PuHg4mV6d_DYMJrDwwaQRUGvvOsY7K9QjGcNsNEQfdY0sUAzgPAYEw-kYRQCAW3x-ExkAZ:1r2xAO:nUlvv6RFerR18bhdjIxanC_dHzfw9uyU_-9dLvr2ugE", "expire_date": "2023-11-14T18:25:36.782Z"}}, {"model": "sessions.session", "pk": "ejxpth967d9jqvzgy3xx3xcj0e5umw3p", "fields": {"session_data": ".eJxVjDkOwjAUBe_iGlm25XihpOcM0d-MA8iWslSIu0OkFNC-mXkvNcK21nFbZB4nVmdl1el3Q6CHtB3wHdqta-ptnSfUu6IPuuhrZ3leDvfvoMJSvzVajuSwUEqDcQSFjHBwErwTw5SjEXRoXbFDZJ_AFuDkM_hgsGRg9f4ACT044Q:1rAsXz:0_HE7zvjLHoofX7OzrmFxgjPbruq05eb9NwuSMZcNp8", "expire_date": "2024-01-05T14:06:43.419Z"}}, {"model": "sessions.session", "pk": "en4pwrcr7r03u1jbxuv9t0icizbkvwgx", "fields": {"session_data": ".eJxVjEEOwiAQRe_C2pC2FDrTpXvPQGAYLGrAlDbRGO-uTbrp9r_3_kfYyrWmki2_nml-i1GZpjkJ69Zlsmvl2aYgRtGJw-Yd3TlvINxcvhZJJS9z8nJT5E6rvJTAj_PuHg4mV6d_DYMJrDwwaQRUGvvOsY7K9QjGcNsNEQfdY0sUAzgPAYEw-kYRQCAW3x-ExkAZ:1r3AJT:lVx_otzLf-uayWA-W_QBAGRMbFj1XQdEvh1cRbnPtpI", "expire_date": "2023-11-15T08:27:51.439Z"}}, {"model": "sessions.session", "pk": "fcxj5ts7fbejgxah2461et0icyy244yd", "fields": {"session_data": ".eJxVjEEOwiAQRe_C2pC2FDrTpXvPQGAYLGrAlDbRGO-uTbrp9r_3_kfYyrWmki2_nml-i1GZpjkJ69Zlsmvl2aYgRtGJw-Yd3TlvINxcvhZJJS9z8nJT5E6rvJTAj_PuHg4mV6d_DYMJrDwwaQRUGvvOsY7K9QjGcNsNEQfdY0sUAzgPAYEw-kYRQCAW3x-ExkAZ:1rekZs:bo7wpzIAcGX_SfdCQclwRhn78SguZnddb2Liy0EFZNw", "expire_date": "2024-02-27T00:40:08.761Z"}}, {"model": "sessions.session", "pk": "fgrz92t5djxbr3stsj4ns04jfd9d73rh", "fields": {"session_data": ".eJxVjEEOwiAQRe_C2hBASqlL956BDDODRQ2Y0iYa4921STfd_vfe_4jQuLVcS-DXM09vcTo6pQ4iwDKPYWk8hUziJLTYbRHwzmUFdINyrRJrmacc5arIjTZ5qcSP8-buDkZo47-Omno0MaH3nTIICRWTM-ysYUU49Iqjidok3fVkPegE5O0A1qmYBiDx_QGwMUC3:1r3KhX:PPnkM5pJci5HBFlR6HrktCdF2XlvmQHcri-3XSduxsA", "expire_date": "2023-11-15T19:33:23.291Z"}}, {"model": "sessions.session", "pk": "g9axaz5eqd7xh8n3ffij1neuv5daqaev", "fields": {"session_data": ".eJxVjEEOwiAQRe_C2hBASqlL956BDDODRQ2Y0iYa4921STfd_vfe_4jQuLVcS-DXM09vcTo6pQ4iwDKPYWk8hUziJLTYbRHwzmUFdINyrRJrmacc5arIjTZ5qcSP8-buDkZo47-Omno0MaH3nTIICRWTM-ysYUU49Iqjidok3fVkPegE5O0A1qmYBiDx_QGwMUC3:1r2xcx:j4TDhUnq1NdZ5k_V7li2tqcVqH0UPNhK_vWPEP1zw3E", "expire_date": "2023-11-14T18:55:07.806Z"}}, {"model": "sessions.session", "pk": "gx3qywhphpfar56wtbyq974rydhktdco", "fields": {"session_data": ".eJxVjEEOwiAQRe_C2hBASqlL956BDDODRQ2Y0iYa4921STfd_vfe_4jQuLVcS-DXM09vcTo6pQ4iwDKPYWk8hUziJLTYbRHwzmUFdINyrRJrmacc5arIjTZ5qcSP8-buDkZo47-Omno0MaH3nTIICRWTM-ysYUU49Iqjidok3fVkPegE5O0A1qmYBiDx_QGwMUC3:1rYUsf:_51D_0OfaHcDTKOxyI_PAWLgr-bNb4yNMquSUCpo3-Q", "expire_date": "2024-02-09T18:41:41.712Z"}}, {"model": "sessions.session", "pk": "hwpng205o4myzit0cgu1wsk9mb6kfjfl", "fields": {"session_data": ".eJxVjEEOwiAQRe_C2pC2FDrTpXvPQGAYLGrAlDbRGO-uTbrp9r_3_kfYyrWmki2_nml-i1GZpjkJ69Zlsmvl2aYgRtGJw-Yd3TlvINxcvhZJJS9z8nJT5E6rvJTAj_PuHg4mV6d_DYMJrDwwaQRUGvvOsY7K9QjGcNsNEQfdY0sUAzgPAYEw-kYRQCAW3x-ExkAZ:1rPQ8O:5mD6WkE_XyEPUJq6tlQa8y4YUPcIKUY7C1pN2HYwpJ0", "expire_date": "2024-01-15T17:48:24.752Z"}}, {"model": "sessions.session", "pk": "i2eqmdk2858ffsa40g61z55qzg36zfrx", "fields": {"session_data": ".eJxVjEEOwiAQRe_C2pC2FDrTpXvPQGAYLGrAlDbRGO-uTbrp9r_3_kfYyrWmki2_nml-i1GZpjkJ69Zlsmvl2aYgRtGJw-Yd3TlvINxcvhZJJS9z8nJT5E6rvJTAj_PuHg4mV6d_DYMJrDwwaQRUGvvOsY7K9QjGcNsNEQfdY0sUAzgPAYEw-kYRQCAW3x-ExkAZ:1rE6sZ:0ZVX8ZSe1rbFveHQQuOUJ8qMTKNJNe4MKr3wE7C6k4U", "expire_date": "2023-12-15T13:01:19.408Z"}}, {"model": "sessions.session", "pk": "j10toxijsw57eonuuzyxuzz7u5rqh38s", "fields": {"session_data": ".eJxVjEEOwiAQRe_C2pC2FDrTpXvPQGAYLGrAlDbRGO-uTbrp9r_3_kfYyrWmki2_nml-i1GZpjkJ69Zlsmvl2aYgRtGJw-Yd3TlvINxcvhZJJS9z8nJT5E6rvJTAj_PuHg4mV6d_DYMJrDwwaQRUGvvOsY7K9QjGcNsNEQfdY0sUAzgPAYEw-kYRQCAW3x-ExkAZ:1rS01D:Dak97XCSsuuShup8JS28vRlVIyedRI-7t4oA3AB_jqM", "expire_date": "2024-01-22T20:31:39.117Z"}}, {"model": "sessions.session", "pk": "kjxu6vyxz4zr5f6nbfqliga30hpc8oh3", "fields": {"session_data": ".eJxVjEEOwiAQRe_C2pC2FDrTpXvPQGAYLGrAlDbRGO-uTbrp9r_3_kfYyrWmki2_nml-i1GZpjkJ69Zlsmvl2aYgRtGJw-Yd3TlvINxcvhZJJS9z8nJT5E6rvJTAj_PuHg4mV6d_DYMJrDwwaQRUGvvOsY7K9QjGcNsNEQfdY0sUAzgPAYEw-kYRQCAW3x-ExkAZ:1r3DRd:i2WrbM3TUO7wAtfEjH1Qyj2zXLS22yUHeDDtaXbOrjg", "expire_date": "2023-11-15T11:48:29.696Z"}}, {"model": "sessions.session", "pk": "lnsl2pb5yuisafigwzxtsi4llfa1ue30", "fields": {"session_data": ".eJxVjEEOwiAQRe_C2pC2FDrTpXvPQGAYLGrAlDbRGO-uTbrp9r_3_kfYyrWmki2_nml-i1GZpjkJ69Zlsmvl2aYgRtGJw-Yd3TlvINxcvhZJJS9z8nJT5E6rvJTAj_PuHg4mV6d_DYMJrDwwaQRUGvvOsY7K9QjGcNsNEQfdY0sUAzgPAYEw-kYRQCAW3x-ExkAZ:1r9qgW:YfPIiZSSnUmNEFS3fOgbbK_yTKHN6Y3LcTKQmxZisqU", "expire_date": "2023-12-03T18:55:16.820Z"}}, {"model": "sessions.session", "pk": "m7do43t2p901guhanrdnlbizbwyqyrhg", "fields": {"session_data": ".eJxVjEEOwiAQRe_C2pC2FDrTpXvPQGAYLGrAlDbRGO-uTbrp9r_3_kfYyrWmki2_nml-i1GZpjkJ69Zlsmvl2aYgRtGJw-Yd3TlvINxcvhZJJS9z8nJT5E6rvJTAj_PuHg4mV6d_DYMJrDwwaQRUGvvOsY7K9QjGcNsNEQfdY0sUAzgPAYEw-kYRQCAW3x-ExkAZ:1rTQsl:xfmmFl3m-ajsB81KxIcBzeUvh61tqczpZeJubpfnIaM", "expire_date": "2024-01-26T19:24:51.087Z"}}, {"model": "sessions.session", "pk": "me862m6nr5s8m7bgurlf1rmcjfptsn9r", "fields": {"session_data": ".eJxVjEEOwiAQRe_C2pC2FDrTpXvPQGAYLGrAlDbRGO-uTbrp9r_3_kfYyrWmki2_nml-i1GZpjkJ69Zlsmvl2aYgRtGJw-Yd3TlvINxcvhZJJS9z8nJT5E6rvJTAj_PuHg4mV6d_DYMJrDwwaQRUGvvOsY7K9QjGcNsNEQfdY0sUAzgPAYEw-kYRQCAW3x-ExkAZ:1r2zf5:4dKyOx2XQgpeAsH1KyF-R1FcypQVFg2A6G1EMKsqU3U", "expire_date": "2023-11-14T21:05:27.897Z"}}, {"model": "sessions.session", "pk": "mr0nlg6gz7qtd5s5l24ln8w9s8lfban6", "fields": {"session_data": ".eJxVjDkOwjAUBe_iGlm25XihpOcM0d-MA8iWslSIu0OkFNC-mXkvNcK21nFbZB4nVmdl1el3Q6CHtB3wHdqta-ptnSfUu6IPuuhrZ3leDvfvoMJSvzVajuSwUEqDcQSFjHBwErwTw5SjEXRoXbFDZJ_AFuDkM_hgsGRg9f4ACT044Q:1r82J6:m1Z_YwvrcVHGwvBxboo59jWcbdRQ1xFpAEb9-WnVJws", "expire_date": "2023-12-28T17:55:36.580Z"}}, {"model": "sessions.session", "pk": "nj9zsu8wvrdkaskd6b7i9lymy0y1qlhg", "fields": {"session_data": ".eJxVjEEOwiAQRe_C2pC2FDrTpXvPQGAYLGrAlDbRGO-uTbrp9r_3_kfYyrWmki2_nml-i1GZpjkJ69Zlsmvl2aYgRtGJw-Yd3TlvINxcvhZJJS9z8nJT5E6rvJTAj_PuHg4mV6d_DYMJrDwwaQRUGvvOsY7K9QjGcNsNEQfdY0sUAzgPAYEw-kYRQCAW3x-ExkAZ:1rUnwW:vWgYmc_RoCfdcclOTb32DSWE1w1q4OkH-_tFgypl_1U", "expire_date": "2024-01-30T14:14:24.993Z"}}, {"model": "sessions.session", "pk": "ns5v9idnhfbavehxgdqio7dnl0rgebts", "fields": {"session_data": ".eJxVjDkOwjAUBe_iGlm25XihpOcM0d-MA8iWslSIu0OkFNC-mXkvNcK21nFbZB4nVmdl1el3Q6CHtB3wHdqta-ptnSfUu6IPuuhrZ3leDvfvoMJSvzVajuSwUEqDcQSFjHBwErwTw5SjEXRoXbFDZJ_AFuDkM_hgsGRg9f4ACT044Q:1r8ypH:xVlT5-VQL6WpziEuOZsSnKftTxFU1ur-JHxt6Y76wJI", "expire_date": "2023-12-31T08:24:43.823Z"}}, {"model": "sessions.session", "pk": "och4lfhfgaokxn3ttymy0idfuyvqjjts", "fields": {"session_data": ".eJxVjEEOwiAQRe_C2pC2FDrTpXvPQGAYLGrAlDbRGO-uTbrp9r_3_kfYyrWmki2_nml-i1GZpjkJ69Zlsmvl2aYgRtGJw-Yd3TlvINxcvhZJJS9z8nJT5E6rvJTAj_PuHg4mV6d_DYMJrDwwaQRUGvvOsY7K9QjGcNsNEQfdY0sUAzgPAYEw-kYRQCAW3x-ExkAZ:1rQhpa:JWYTfJ6hS1v-r1mS-Ma7LiplAK1iz4sbsJuTmWY1ess", "expire_date": "2024-01-19T06:54:18.596Z"}}, {"model": "sessions.session", "pk": "otf8kkdkn1pnd1bdp9z5pzjctkjx31lu", "fields": {"session_data": ".eJxVjEEOwiAQRe_C2pC2FDrTpXvPQGAYLGrAlDbRGO-uTbrp9r_3_kfYyrWmki2_nml-i1GZpjkJ69Zlsmvl2aYgRtGJw-Yd3TlvINxcvhZJJS9z8nJT5E6rvJTAj_PuHg4mV6d_DYMJrDwwaQRUGvvOsY7K9QjGcNsNEQfdY0sUAzgPAYEw-kYRQCAW3x-ExkAZ:1raLJn:1Np3mJFla4pcnw3cPliih4Qe1rKq62fl1Vgv7PiVq3s", "expire_date": "2024-02-14T20:53:19.672Z"}}, {"model": "sessions.session", "pk": "owbiimj1pdzf9t6l4x7t7fq27a8brwxj", "fields": {"session_data": ".eJxVjEEOwiAQRe_C2pC2FDrTpXvPQGAYLGrAlDbRGO-uTbrp9r_3_kfYyrWmki2_nml-i1GZpjkJ69Zlsmvl2aYgRtGJw-Yd3TlvINxcvhZJJS9z8nJT5E6rvJTAj_PuHg4mV6d_DYMJrDwwaQRUGvvOsY7K9QjGcNsNEQfdY0sUAzgPAYEw-kYRQCAW3x-ExkAZ:1rR9SI:N2RKCBe1z16yfBb1zUeFJruX0ADv_F3p7A3awAmJa5I", "expire_date": "2024-01-20T12:24:06.444Z"}}, {"model": "sessions.session", "pk": "pbd44pml18olibkdz0wnp8ojlp6iamms", "fields": {"session_data": ".eJxVjEEOwiAQRe_C2pC2FDrTpXvPQGAYLGrAlDbRGO-uTbrp9r_3_kfYyrWmki2_nml-i1GZpjkJ69Zlsmvl2aYgRtGJw-Yd3TlvINxcvhZJJS9z8nJT5E6rvJTAj_PuHg4mV6d_DYMJrDwwaQRUGvvOsY7K9QjGcNsNEQfdY0sUAzgPAYEw-kYRQCAW3x-ExkAZ:1r9OlT:3wjQ9bdqyhdqoU-6ymlXemNkIvyW9aAzfEJ3oMrKT5c", "expire_date": "2023-12-02T13:06:31.065Z"}}, {"model": "sessions.session", "pk": "psep92a9xng8wo4lfen2w2pyxkyu6vj0", "fields": {"session_data": ".eJxVjEEOwiAQRe_C2pC2FDrTpXvPQGAYLGrAlDbRGO-uTbrp9r_3_kfYyrWmki2_nml-i1GZpjkJ69Zlsmvl2aYgRtGJw-Yd3TlvINxcvhZJJS9z8nJT5E6rvJTAj_PuHg4mV6d_DYMJrDwwaQRUGvvOsY7K9QjGcNsNEQfdY0sUAzgPAYEw-kYRQCAW3x-ExkAZ:1rNcoV:ohG3mMJEE4eXLTwSv5K0ljueYMWkz1b0hHpuMvwu0So", "expire_date": "2024-01-10T18:56:27.021Z"}}, {"model": "sessions.session", "pk": "qgivi80v0re7w1lw9btrwvqlf4bo3nyl", "fields": {"session_data": ".eJxVjEEOwiAQRe_C2hBASqlL956BDDODRQ2Y0iYa4921STfd_vfe_4jQuLVcS-DXM09vcTo6pQ4iwDKPYWk8hUziJLTYbRHwzmUFdINyrRJrmacc5arIjTZ5qcSP8-buDkZo47-Omno0MaH3nTIICRWTM-ysYUU49Iqjidok3fVkPegE5O0A1qmYBiDx_QGwMUC3:1r2oUd:I_ERwOKi4u6g6RkoA3mUE82UYyJMam0F7tOc8Jx2_aA", "expire_date": "2023-11-14T09:09:55.000Z"}}, {"model": "sessions.session", "pk": "qibsnknvxouyr2ridef9jfqhkov14xw1", "fields": {"session_data": ".eJxVjEEOwiAQRe_C2pC2FDrTpXvPQGAYLGrAlDbRGO-uTbrp9r_3_kfYyrWmki2_nml-i1GZpjkJ69Zlsmvl2aYgRtGJw-Yd3TlvINxcvhZJJS9z8nJT5E6rvJTAj_PuHg4mV6d_DYMJrDwwaQRUGvvOsY7K9QjGcNsNEQfdY0sUAzgPAYEw-kYRQCAW3x-ExkAZ:1raxrI:GXJcy1rkiJoFkjUnxqBJIkhVrdgeL8ixfELKTm7JCGg", "expire_date": "2024-02-16T14:02:28.599Z"}}, {"model": "sessions.session", "pk": "qphs53goq1fa6dkr7i6kfupv3yq19q2t", "fields": {"session_data": ".eJxVjDkOwjAUBe_iGlm25XihpOcM0d-MA8iWslSIu0OkFNC-mXkvNcK21nFbZB4nVmdl1el3Q6CHtB3wHdqta-ptnSfUu6IPuuhrZ3leDvfvoMJSvzVajuSwUEqDcQSFjHBwErwTw5SjEXRoXbFDZJ_AFuDkM_hgsGRg9f4ACT044Q:1rf0Jw:R54YOGrzCZG6cFF9RX9Y-HOBuC2UWtJWa9XaeP4qQxc", "expire_date": "2024-03-28T16:28:44.063Z"}}, {"model": "sessions.session", "pk": "qq4lo32n7juzis3l80wpg8xrscl4u0x6", "fields": {"session_data": ".eJxVjEEOwiAQRe_C2pC2FDrTpXvPQGAYLGrAlDbRGO-uTbrp9r_3_kfYyrWmki2_nml-i1GZpjkJ69Zlsmvl2aYgRtGJw-Yd3TlvINxcvhZJJS9z8nJT5E6rvJTAj_PuHg4mV6d_DYMJrDwwaQRUGvvOsY7K9QjGcNsNEQfdY0sUAzgPAYEw-kYRQCAW3x-ExkAZ:1rMCLc:JHc-At9RF_dL6y7559XZGHYHnjXN3lUiX0y_Cp_iaQg", "expire_date": "2024-01-06T20:28:44.112Z"}}, {"model": "sessions.session", "pk": "qyuiv8pfvtfvw59q87syvt92lsq6oul9", "fields": {"session_data": ".eJxVjEEOwiAQRe_C2pC2FDrTpXvPQGAYLGrAlDbRGO-uTbrp9r_3_kfYyrWmki2_nml-i1GZpjkJ69Zlsmvl2aYgRtGJw-Yd3TlvINxcvhZJJS9z8nJT5E6rvJTAj_PuHg4mV6d_DYMJrDwwaQRUGvvOsY7K9QjGcNsNEQfdY0sUAzgPAYEw-kYRQCAW3x-ExkAZ:1rIxSi:pFUvHeEvT9bfdWBZFlbdRkDWdHVLl_iimFHKDTuuhJA", "expire_date": "2023-12-28T21:58:40.558Z"}}, {"model": "sessions.session", "pk": "rc02vvt0b43kplm8tcjmh35dt8jzf31e", "fields": {"session_data": ".eJxVjEEOwiAQRe_C2pC2FDrTpXvPQGAYLGrAlDbRGO-uTbrp9r_3_kfYyrWmki2_nml-i1GZpjkJ69Zlsmvl2aYgRtGJw-Yd3TlvINxcvhZJJS9z8nJT5E6rvJTAj_PuHg4mV6d_DYMJrDwwaQRUGvvOsY7K9QjGcNsNEQfdY0sUAzgPAYEw-kYRQCAW3x-ExkAZ:1r3cVi:ZmadKTa0Ngp_ci6_jzpqxje9_SGfBJBcOEkNGzNFqcI", "expire_date": "2023-11-16T14:34:22.861Z"}}, {"model": "sessions.session", "pk": "s0zq04vrj1k1knwhgypc8q940w0cslcr", "fields": {"session_data": ".eJxVjEEOwiAQRe_C2pC2FDrTpXvPQGAYLGrAlDbRGO-uTbrp9r_3_kfYyrWmki2_nml-i1GZpjkJ69Zlsmvl2aYgRtGJw-Yd3TlvINxcvhZJJS9z8nJT5E6rvJTAj_PuHg4mV6d_DYMJrDwwaQRUGvvOsY7K9QjGcNsNEQfdY0sUAzgPAYEw-kYRQCAW3x-ExkAZ:1rHUT2:I5D3LYhJtLaiTDe7A7-F-sUb-QltFZMo7kJt-tOaz_0", "expire_date": "2023-12-24T20:48:56.781Z"}}, {"model": "sessions.session", "pk": "s6lx4adrdlano9vm2w6m0z6s9ils2rcz", "fields": {"session_data": ".eJxVjEEOwiAQRe_C2pC2FDrTpXvPQGAYLGrAlDbRGO-uTbrp9r_3_kfYyrWmki2_nml-i1GZpjkJ69Zlsmvl2aYgRtGJw-Yd3TlvINxcvhZJJS9z8nJT5E6rvJTAj_PuHg4mV6d_DYMJrDwwaQRUGvvOsY7K9QjGcNsNEQfdY0sUAzgPAYEw-kYRQCAW3x-ExkAZ:1rejbl:tzSRLnL-j9JYNM5kLZKAixu_JTww-haq0LlBh0XTKjE", "expire_date": "2024-02-26T23:38:01.119Z"}}, {"model": "sessions.session", "pk": "tezpxm79kly8k0nvrx7ei6lcbvar40ud", "fields": {"session_data": ".eJxVjEEOwiAQRe_C2hBASqlL956BDDODRQ2Y0iYa4921STfd_vfe_4jQuLVcS-DXM09vcTo6pQ4iwDKPYWk8hUziJLTYbRHwzmUFdINyrRJrmacc5arIjTZ5qcSP8-buDkZo47-Omno0MaH3nTIICRWTM-ysYUU49Iqjidok3fVkPegE5O0A1qmYBiDx_QGwMUC3:1r2xas:yNlP3ttLN6ii4mSyQOfFV66qk4Pg5yGFLvSW-dZQlnE", "expire_date": "2023-11-14T18:52:58.191Z"}}, {"model": "sessions.session", "pk": "tgmrqic3akytc2hu84pvi35rn93kckwz", "fields": {"session_data": ".eJxVjEEOwiAQRe_C2pC2FDrTpXvPQGAYLGrAlDbRGO-uTbrp9r_3_kfYyrWmki2_nml-i1GZpjkJ69Zlsmvl2aYgRtGJw-Yd3TlvINxcvhZJJS9z8nJT5E6rvJTAj_PuHg4mV6d_DYMJrDwwaQRUGvvOsY7K9QjGcNsNEQfdY0sUAzgPAYEw-kYRQCAW3x-ExkAZ:1rOuXm:fV8VYKFtrmMFzfxmgGQf3ZnqAXTApfgo4UzjhtgsN2Y", "expire_date": "2024-01-14T08:04:30.651Z"}}, {"model": "sessions.session", "pk": "ukz21ukmjx7amzh7i8lugjj7nfkq0xte", "fields": {"session_data": ".eJxVjEEOwiAQRe_C2pC2FDrTpXvPQGAYLGrAlDbRGO-uTbrp9r_3_kfYyrWmki2_nml-i1GZpjkJ69Zlsmvl2aYgRtGJw-Yd3TlvINxcvhZJJS9z8nJT5E6rvJTAj_PuHg4mV6d_DYMJrDwwaQRUGvvOsY7K9QjGcNsNEQfdY0sUAzgPAYEw-kYRQCAW3x-ExkAZ:1rbGbx:6S3vmgLWmv9dP2XIoh8-ClBXd2mLbp7tN0fYdlbQoIg", "expire_date": "2024-02-17T10:03:53.936Z"}}, {"model": "sessions.session", "pk": "us0e8o8zx8s6clp9gegqo1suo4wdvmsc", "fields": {"session_data": ".eJxVjEEOwiAQRe_C2pC2FDrTpXvPQGAYLGrAlDbRGO-uTbrp9r_3_kfYyrWmki2_nml-i1GZpjkJ69Zlsmvl2aYgRtGJw-Yd3TlvINxcvhZJJS9z8nJT5E6rvJTAj_PuHg4mV6d_DYMJrDwwaQRUGvvOsY7K9QjGcNsNEQfdY0sUAzgPAYEw-kYRQCAW3x-ExkAZ:1rdr07:Osrv8yhBLAIKo2dA8-dZUYERxfZ6bOCryDs7GV4FscY", "expire_date": "2024-02-24T13:19:31.260Z"}}, {"model": "sessions.session", "pk": "v0t11zr1cmwyqb2pawi6ifjzthbkta37", "fields": {"session_data": ".eJxVjEEOwiAQRe_C2hBASqlL956BDDODRQ2Y0iYa4921STfd_vfe_4jQuLVcS-DXM09vcTo6pQ4iwDKPYWk8hUziJLTYbRHwzmUFdINyrRJrmacc5arIjTZ5qcSP8-buDkZo47-Omno0MaH3nTIICRWTM-ysYUU49Iqjidok3fVkPegE5O0A1qmYBiDx_QGwMUC3:1r6x3K:5O_RwNJNixMVvgYIRVo1Xv3EBuAWTh_ySc0REHfG_yI", "expire_date": "2023-11-25T19:06:50.620Z"}}, {"model": "sessions.session", "pk": "vdwi7yk5jd5egze687jro5axvz4giszl", "fields": {"session_data": ".eJxVjEEOwiAQRe_C2hBASqlL956BDDODRQ2Y0iYa4921STfd_vfe_4jQuLVcS-DXM09vcTo6pQ4iwDKPYWk8hUziJLTYbRHwzmUFdINyrRJrmacc5arIjTZ5qcSP8-buDkZo47-Omno0MaH3nTIICRWTM-ysYUU49Iqjidok3fVkPegE5O0A1qmYBiDx_QGwMUC3:1rEQfD:I6zSHbzChcWzUNl3TN5pFjFX9-A2BbWkeneUsg-UOaY", "expire_date": "2023-12-16T10:08:51.691Z"}}, {"model": "sessions.session", "pk": "w9guzr8zpcibf5ez5k766uim7rmhvxt3", "fields": {"session_data": ".eJxVjEEOwiAQRe_C2pC2FDrTpXvPQGAYLGrAlDbRGO-uTbrp9r_3_kfYyrWmki2_nml-i1GZpjkJ69Zlsmvl2aYgRtGJw-Yd3TlvINxcvhZJJS9z8nJT5E6rvJTAj_PuHg4mV6d_DYMJrDwwaQRUGvvOsY7K9QjGcNsNEQfdY0sUAzgPAYEw-kYRQCAW3x-ExkAZ:1rcRJO:3QzBCnIOTjF3tqqAS_y1iuLTwwG73qFVG_0MmKJza1U", "expire_date": "2024-02-20T15:41:34.912Z"}}, {"model": "sessions.session", "pk": "wbpbsp10585u9r8zs83oss3adfcgnlbe", "fields": {"session_data": ".eJxVjEEOwiAQRe_C2pC2FDrTpXvPQGAYLGrAlDbRGO-uTbrp9r_3_kfYyrWmki2_nml-i1GZpjkJ69Zlsmvl2aYgRtGJw-Yd3TlvINxcvhZJJS9z8nJT5E6rvJTAj_PuHg4mV6d_DYMJrDwwaQRUGvvOsY7K9QjGcNsNEQfdY0sUAzgPAYEw-kYRQCAW3x-ExkAZ:1r9ynZ:T2h-2ShpqFR0qVOonCJRtSl3H4LnHpEhEgepyKAr8GQ", "expire_date": "2023-12-04T03:35:05.397Z"}}, {"model": "sessions.session", "pk": "whljzc90xuhphus6em0bf4lfojo4k8qj", "fields": {"session_data": ".eJxVjEEOwiAQRe_C2hBASqlL956BDDODRQ2Y0iYa4921STfd_vfe_4jQuLVcS-DXM09vcTo6pQ4iwDKPYWk8hUziJLTYbRHwzmUFdINyrRJrmacc5arIjTZ5qcSP8-buDkZo47-Omno0MaH3nTIICRWTM-ysYUU49Iqjidok3fVkPegE5O0A1qmYBiDx_QGwMUC3:1r8ypk:eahwBSM-fiiPp6RKv8dHJFR8WHVpRJ4pLhW1oJUe3xk", "expire_date": "2023-12-01T09:25:12.695Z"}}, {"model": "sessions.session", "pk": "wikxzu22n2zr1f74c8uz3q9e1sc39rgf", "fields": {"session_data": ".eJxVjDkOwjAUBe_iGlm25XihpOcM0d-MA8iWslSIu0OkFNC-mXkvNcK21nFbZB4nVmdl1el3Q6CHtB3wHdqta-ptnSfUu6IPuuhrZ3leDvfvoMJSvzVajuSwUEqDcQSFjHBwErwTw5SjEXRoXbFDZJ_AFuDkM_hgsGRg9f4ACT044Q:1rQSfL:62RrgkBxX9l-ixcLiJe-jaac0IDLpC3ST9NfNVg7BE8", "expire_date": "2024-02-17T13:42:43.138Z"}}, {"model": "sessions.session", "pk": "yy9ulektqzj6rc5di9wfk6bmwt0zfw40", "fields": {"session_data": ".eJxVjEEOwiAQRe_C2pC2FDrTpXvPQGAYLGrAlDbRGO-uTbrp9r_3_kfYyrWmki2_nml-i1GZpjkJ69Zlsmvl2aYgRtGJw-Yd3TlvINxcvhZJJS9z8nJT5E6rvJTAj_PuHg4mV6d_DYMJrDwwaQRUGvvOsY7K9QjGcNsNEQfdY0sUAzgPAYEw-kYRQCAW3x-ExkAZ:1rFw4J:o4YGfwBTf7ZmTv3xGAU3NR2W-_Qs8Fg6xZIUlupKp04", "expire_date": "2023-12-20T13:52:59.583Z"}}, {"model": "sessions.session", "pk": "yz9ieh5te659do162eozold4cx39g6p4", "fields": {"session_data": ".eJxVjDkOwjAUBe_iGlm25XihpOcM0d-MA8iWslSIu0OkFNC-mXkvNcK21nFbZB4nVmdl1el3Q6CHtB3wHdqta-ptnSfUu6IPuuhrZ3leDvfvoMJSvzVajuSwUEqDcQSFjHBwErwTw5SjEXRoXbFDZJ_AFuDkM_hgsGRg9f4ACT044Q:1r7XVO:oxAMVO0N3xr4ieJWTOvvXy_DUawt3lz5u4Wz_MfcUiM", "expire_date": "2023-12-27T09:02:14.275Z"}}, {"model": "sessions.session", "pk": "yzyffq1luousdqpmcu5vt28im8iswscr", "fields": {"session_data": ".eJxVjEEOwiAQRe_C2hBASqlL956BDDODRQ2Y0iYa4921STfd_vfe_4jQuLVcS-DXM09vcTo6pQ4iwDKPYWk8hUziJLTYbRHwzmUFdINyrRJrmacc5arIjTZ5qcSP8-buDkZo47-Omno0MaH3nTIICRWTM-ysYUU49Iqjidok3fVkPegE5O0A1qmYBiDx_QGwMUC3:1rE7cm:XZNCdcnoHxvp8DeHVF5M4Q_EJkHwLAc8w-QP0djoTxU", "expire_date": "2023-12-15T13:49:04.196Z"}}, {"model": "sessions.session", "pk": "z6bjk51rmktlcpxfvzm12ryj0j1wir4r", "fields": {"session_data": ".eJxVjEEOwiAQRe_C2pC2FDrTpXvPQGAYLGrAlDbRGO-uTbrp9r_3_kfYyrWmki2_nml-i1GZpjkJ69Zlsmvl2aYgRtGJw-Yd3TlvINxcvhZJJS9z8nJT5E6rvJTAj_PuHg4mV6d_DYMJrDwwaQRUGvvOsY7K9QjGcNsNEQfdY0sUAzgPAYEw-kYRQCAW3x-ExkAZ:1rCkc4:GUvBz-pskOGzLITLwUYRhx-7T2qRcARQMF4P3cF5h4E", "expire_date": "2023-12-11T19:02:40.969Z"}}, {"model": "sessions.session", "pk": "zegao5j8yprwzr9jgy0ic5v60d9fjumh", "fields": {"session_data": ".eJxVjEEOwiAQRe_C2pC2FDrTpXvPQGAYLGrAlDbRGO-uTbrp9r_3_kfYyrWmki2_nml-i1GZpjkJ69Zlsmvl2aYgRtGJw-Yd3TlvINxcvhZJJS9z8nJT5E6rvJTAj_PuHg4mV6d_DYMJrDwwaQRUGvvOsY7K9QjGcNsNEQfdY0sUAzgPAYEw-kYRQCAW3x-ExkAZ:1r2xhB:qplbcAX6YQgKzAZWUGMYD_Kk2DUUVob6mER9sb3riJw", "expire_date": "2023-11-14T18:59:29.319Z"}}, {"model": "sessions.session", "pk": "ztfj4u7l24t49s382oi774zjf22ojq9i", "fields": {"session_data": ".eJxVjDkOwjAUBe_iGlm25XihpOcM0d-MA8iWslSIu0OkFNC-mXkvNcK21nFbZB4nVmdl1el3Q6CHtB3wHdqta-ptnSfUu6IPuuhrZ3leDvfvoMJSvzVajuSwUEqDcQSFjHBwErwTw5SjEXRoXbFDZJ_AFuDkM_hgsGRg9f4ACT044Q:1reWzP:2Dh4DNICdmqLoayYP4q9cLAtKkRi_QbnHiL6bXOGo6Y", "expire_date": "2024-03-27T09:09:35.331Z"}}, {"model": "sessions.session", "pk": "zxn1bl458rfr3x444bq1u0qiyd19894o", "fields": {"session_data": ".eJxVjEEOwiAQRe_C2pC2FDrTpXvPQGAYLGrAlDbRGO-uTbrp9r_3_kfYyrWmki2_nml-i1GZpjkJ69Zlsmvl2aYgRtGJw-Yd3TlvINxcvhZJJS9z8nJT5E6rvJTAj_PuHg4mV6d_DYMJrDwwaQRUGvvOsY7K9QjGcNsNEQfdY0sUAzgPAYEw-kYRQCAW3x-ExkAZ:1rRv5x:sj3-9l9Z_pYhcIynhXUNKQJqNqtDZpP-wh2l0R7Dr4Q", "expire_date": "2024-01-22T15:16:13.612Z"}}, {"model": "django_summernote.attachment", "pk": 1, "fields": {"name": "Вариант_2.jpg", "file": "django-summernote/2024-02-27/d2127efa-269d-4bbf-9c1b-80a2d0a06d5e.jpg", "uploaded": "2024-02-27T11:26:18.272Z"}}, {"model": "django_summernote.attachment", "pk": 2, "fields": {"name": "Вариант_2.jpg", "file": "django-summernote/2024-02-27/00d29f34-c0b8-4b0c-9a0d-54a2e91dd704.jpg", "uploaded": "2024-02-27T11:26:29.347Z"}}, {"model": "django_summernote.attachment", "pk": 3, "fields": {"name": "image002.png", "file": "django-summernote/2024-02-27/db90cef7-5c98-446e-9cf7-64aba5d4e520.png", "uploaded": "2024-02-27T16:29:05.708Z"}}, {"model": "django_summernote.attachment", "pk": 4, "fields": {"name": "image002.png", "file": "django-summernote/2024-02-27/8feeca31-f736-4fbf-a377-2db8cedafa63.png", "uploaded": "2024-02-27T16:29:22.546Z"}}, {"model": "django_summernote.attachment", "pk": 5, "fields": {"name": "image001.png", "file": "django-summernote/2024-02-27/7a6f196f-948e-4b99-aca6-fe95b203c067.png", "uploaded": "2024-02-27T16:31:30.009Z"}}, {"model": "mainapp.client", "pk": 1, "fields": {"name": "Ролдугин Евгений Сергеевич", "contact": "+79213566924", "where_from": "Авито AS", "oder_details": "", "address": "188804. Ленинградская область, город Выборг, Сайменское шоссе, дом 38", "notes": "", "created_at": "2023-11-14T17:32:29.449Z"}}, {"model": "mainapp.client", "pk": 2, "fields": {"name": "Муравицкий Леонид Викторович", "contact": "+79065497943", "where_from": "Авито AS", "oder_details": "", "address": "171507 Тверская область, город Кимры ул. Вогжанова д. 1", "notes": "", "created_at": "2023-11-14T17:37:45.110Z"}}, {"model": "mainapp.client", "pk": 3, "fields": {"name": "Кириллов Максим Дмитриевич", "contact": "+79206236953", "where_from": "Авито AS", "oder_details": "", "address": "601653, Владимирская область, г Александров,  Ленинградская улица, д.в.21", "notes": "", "created_at": "2023-11-14T17:41:43.741Z"}}, {"model": "mainapp.client", "pk": 4, "fields": {"name": "Чкирин Дмитрий Сергеевич", "contact": "+79270202820", "where_from": "Авито AS", "oder_details": "", "address": "445037, Самарская область, г. Тольятти, проспект Степана Разина, дом 26, квартира 48", "notes": "", "created_at": "2023-11-15T09:21:03.404Z"}}, {"model": "mainapp.client", "pk": 5, "fields": {"name": "Симонова Ксения Александровна", "contact": "", "where_from": "Авито AS", "oder_details": "", "address": "СДЕК ПВЗ, Вологодская область, г. Череповец, победы  83", "notes": "", "created_at": "2023-11-15T09:55:41.259Z"}}, {"model": "mainapp.client", "pk": 6, "fields": {"name": "Голубев  Борис Владимир", "contact": "-", "where_from": "Авито AS", "oder_details": "", "address": "404446, Волгоградская область Суровикинский район с.т Нижний-Чир ул. Колхозная дом 16, квартира 1", "notes": "", "created_at": "2023-12-01T05:49:34.347Z"}}, {"model": "mainapp.client", "pk": 7, "fields": {"name": "Меркулов Андрей Владимирович", "contact": "+7919 8997051", "where_from": "Авито AS", "oder_details": "", "address": "346573. Ростовская область, Родионово-Несветайский район, с. Аграфеновка, ул. Молодёжная дом 2 кв.1", "notes": "", "created_at": "2023-12-01T05:59:56.847Z"}}, {"model": "mainapp.client", "pk": 8, "fields": {"name": "Тарачанов Дмитрий Владимирович", "contact": "", "where_from": "Авито AS", "oder_details": "", "address": "124460. город Москва, округ Зеленоград, корпус 1202 кв.28", "notes": "", "created_at": "2023-12-01T06:16:05.521Z"}}, {"model": "mainapp.client", "pk": 9, "fields": {"name": "Бабичев Алексей Михайлович", "contact": "+79222536802", "where_from": "Авито AS", "oder_details": "Имя на сайте \"Марина\"", "address": "628417 ,проспект Ленина 29к.62,город Сургут, ХМАО Югра.", "notes": "", "created_at": "2023-12-04T02:41:21.330Z"}}, {"model": "mainapp.client", "pk": 10, "fields": {"name": "Крейман Матвей Евгеньевич", "contact": "+7 977 363-36-71", "where_from": "Авито AS", "oder_details": "", "address": "Московская область, город ВИДНОЕ, ПВЗ СДЕК. БУЛЬВАР ЗЕЛЁНЫЕ АЛЛЕИ 12,", "notes": "89254511430", "created_at": "2023-12-04T02:54:57.444Z"}}, {"model": "mainapp.client", "pk": 11, "fields": {"name": "Попов Вадим Евгеньевич", "contact": "+7 916 030-22-32", "where_from": "Авито AS", "oder_details": "", "address": "115093,город Москва, 1й Щипковский переулок дом 15 стр 1 КВ 5", "notes": "", "created_at": "2023-12-04T03:02:14.808Z"}}, {"model": "mainapp.client", "pk": 12, "fields": {"name": "Селиванов Никита Сергеевич", "contact": "+79313547686", "where_from": "Авито AS", "oder_details": "", "address": "195176. город Санкт-Петербург, Полюстровский просп., дом 3", "notes": "", "created_at": "2023-12-04T03:14:01.513Z"}}, {"model": "mainapp.client", "pk": 13, "fields": {"name": "Шапошник Алексей Иванович", "contact": "89066000070", "where_from": "Авито AS", "oder_details": "", "address": "СДЕК город Белгород, улица 5 августа 1а", "notes": "", "created_at": "2023-12-04T03:38:29.428Z"}}, {"model": "mainapp.client", "pk": 14, "fields": {"name": "Мешков Андрей Владимирович", "contact": "89164278330", "where_from": "Авито AS", "oder_details": "", "address": "(Боксбери) город Истра улица Шнырева 1", "notes": "", "created_at": "2023-12-09T09:16:58.888Z"}}, {"model": "mainapp.client", "pk": 15, "fields": {"name": "Бурдуков Сергей Михайлович", "contact": "Лс", "where_from": "Авито AS", "oder_details": "", "address": "123592 г.Москва, Строгино", "notes": "", "created_at": "2023-12-11T18:58:34.434Z"}}, {"model": "mainapp.client", "pk": 16, "fields": {"name": "Мельников Николай", "contact": "ЛС", "where_from": "Авито AS", "oder_details": "", "address": "Авито (ПР) 141131, Московская область, город Лосино-Петровский", "notes": "", "created_at": "2023-12-15T12:05:44.957Z"}}, {"model": "mainapp.client", "pk": 17, "fields": {"name": "Дериев Игорь Анатольевич", "contact": "+79650426841", "where_from": "Авито AS", "oder_details": "", "address": "1. Авито (СДЕК) ул.Ленинградская,  дом 10\n2. Ленинградская область,Сосновый Бор, ул Солнечная д35А СДЕК", "notes": "", "created_at": "2023-12-15T12:22:18.193Z"}}, {"model": "mainapp.client", "pk": 18, "fields": {"name": "Бугров Пётр Александрович", "contact": "", "where_from": "Авито AS", "oder_details": "", "address": "185013, г. Петрозаводск. ул. Боровая, д. 14, кв. 23", "notes": "", "created_at": "2024-01-06T19:47:14.393Z"}}, {"model": "mainapp.client", "pk": 19, "fields": {"name": "Харламов Павел Анатольевич", "contact": "89175234060", "where_from": "Авито AS", "oder_details": "", "address": "СДЕК, пвз: г. Москва, ул Лукинская д.8 Корп 1", "notes": "", "created_at": "2024-01-15T16:50:46.277Z"}}, {"model": "mainapp.client", "pk": 20, "fields": {"name": "Логунов Константин Васильевич", "contact": "+79224240945", "where_from": "", "oder_details": "", "address": "628169, АО Ханты-Мансийский Автономный округ - Югра, р-н Белоярский, п Сорум, ул Центральная, 34", "notes": "", "created_at": "2024-01-15T16:58:48.808Z"}}, {"model": "mainapp.client", "pk": 21, "fields": {"name": "Карпович Ян Валериевич", "contact": "89377176888", "where_from": "Авито АS", "oder_details": "", "address": "404130 Волгоградская область, г. Волжский, ул. Московская, д.14 КВ. 2", "notes": "", "created_at": "2024-01-22T19:33:40.867Z"}}, {"model": "mainapp.client", "pk": 22, "fields": {"name": "Гурьев Александр Эдуардович", "contact": "+79315337768", "where_from": "Авито АS", "oder_details": "", "address": "188542 Ленинградская обл. город Сосновый Бор ул. Молодёжная дом 19 кв.56", "notes": "", "created_at": "2024-01-22T19:37:26.296Z"}}, {"model": "mainapp.client", "pk": 23, "fields": {"name": "Алексеев Евгений Валентинович", "contact": "+79516861962", "where_from": "Авито АS", "oder_details": "", "address": "188382, Ленинградская обл., Гатчинский р-н., Пос. Вырица, ул. Марата, д. 55.", "notes": "", "created_at": "2024-01-22T19:40:29.707Z"}}, {"model": "mainapp.client", "pk": 24, "fields": {"name": "Евгений Прокопьев", "contact": "+79119208134", "where_from": "Мешок", "oder_details": "", "address": "198332, Санкт-Петербург, Ленинский пр., д. 78, корп. 1, кв. 295", "notes": "", "created_at": "2024-01-22T19:44:11.597Z"}}, {"model": "mainapp.client", "pk": 25, "fields": {"name": "Кузьмин Михаил Евгеньевич", "contact": "+79214444500", "where_from": "Мешок", "oder_details": "", "address": "СДЭК г. Приозерск ул.Жуковского 4", "notes": "", "created_at": "2024-01-22T19:48:10.730Z"}}, {"model": "mainapp.client", "pk": 26, "fields": {"name": "Лобанов Владимир Михайлович", "contact": "+79107943896", "where_from": "Мешок", "oder_details": "", "address": "603000, город Нижний Новгород, , Славянская 25А, кв. 11", "notes": "", "created_at": "2024-01-22T19:51:44.489Z"}}, {"model": "mainapp.client", "pk": 27, "fields": {"name": "Горлов Алексей Юрьевич", "contact": "8(906)039-26-62", "where_from": "Авито АS", "oder_details": "", "address": "143009, Московская обл, г. Одинцово (до востребования)", "notes": "", "created_at": "2024-01-25T05:06:07.071Z"}}, {"model": "mainapp.client", "pk": 28, "fields": {"name": "Мыльников Николай Николаевич", "contact": "ЛС", "where_from": "Авито АS", "oder_details": "", "address": "141140, обл Московская, г Лосино-Петровский, рп Свердловский, ул Михаила Марченко, д. 2,", "notes": "", "created_at": "2024-01-27T15:41:36.247Z"}}, {"model": "mainapp.client", "pk": 29, "fields": {"name": "Евгений Бирюлево", "contact": "+79197622061", "where_from": "Авито АS", "oder_details": "Насадка, Заточка", "address": "Самовывоз", "notes": "", "created_at": "2024-01-27T15:46:33.818Z"}}, {"model": "mainapp.client", "pk": 30, "fields": {"name": "DrTraum_niir", "contact": "+79265865534", "where_from": "Авито АS", "oder_details": "Насадка", "address": "Москва, Самовывоз", "notes": "", "created_at": "2024-01-27T15:53:30.728Z"}}, {"model": "mainapp.client", "pk": 31, "fields": {"name": "Сеин Евгений Александрович", "contact": "+79851681507", "where_from": "Авито АS", "oder_details": "", "address": "142110, обл Московская, г Подольск, ул Маштакова, д. 5, литера А кв. 49", "notes": "", "created_at": "2024-01-27T15:57:35.500Z"}}, {"model": "mainapp.client", "pk": 32, "fields": {"name": "Масляев Александр Александрович", "contact": "+79105588678", "where_from": "Авито АS", "oder_details": "", "address": "Тульская область, город Новомосковск улица, Орджоникидзе д 2", "notes": "", "created_at": "2024-02-11T12:37:40.570Z"}}, {"model": "mainapp.client", "pk": 33, "fields": {"name": "Ушаков Сергей Леонидович", "contact": "+79511431369", "where_from": "Авито АS", "oder_details": "", "address": "309870, Белгородская обл.Красненский район с.Красное ул.Ясные Зори д.1А", "notes": "", "created_at": "2024-02-14T19:56:04.600Z"}}, {"model": "mainapp.client", "pk": 34, "fields": {"name": "Воротынцев Дмитрий Григорьевич", "contact": "ЛС", "where_from": "Авито АS", "oder_details": "", "address": "Город Курск", "notes": "", "created_at": "2024-02-14T20:18:25.681Z"}}, {"model": "mainapp.client", "pk": 35, "fields": {"name": "Матяш Юрий Владимирович", "contact": "+375296083556", "where_from": "Авито АS", "oder_details": "", "address": "СДЭК MIN31   г. Минск, ул. Козлова 4", "notes": "", "created_at": "2024-02-14T20:20:51.646Z"}}, {"model": "mainapp.client", "pk": 36, "fields": {"name": "Вадим Васильев", "contact": "ЛС", "where_from": "", "oder_details": "", "address": "", "notes": "", "created_at": "2024-02-14T20:29:38.225Z"}}, {"model": "mainapp.client", "pk": 37, "fields": {"name": "Андрей Никитин Юрьевич", "contact": "ЛС", "where_from": "Авито АS", "oder_details": "", "address": "454047. город Челябинск, ул Дегтярева д25 кв 72", "notes": "", "created_at": "2024-02-14T20:35:53.902Z"}}, {"model": "mainapp.client", "pk": 38, "fields": {"name": "Шарудилов Роман Викторович", "contact": "89267186339", "where_from": "Авито АS", "oder_details": "", "address": "140060 Московская область, Люберецкий район рп.Октябрьский  ,ул.60 лет победы д1", "notes": "", "created_at": "2024-02-17T09:08:28.328Z"}}, {"model": "mainapp.client", "pk": 39, "fields": {"name": "Маринин Роман Николаевич", "contact": "ЛС", "where_from": "Avito AS", "oder_details": "", "address": "196247,Санкт-Петербург", "notes": "Отправление Авито_почта 01.02.2024, масса 1969 гр", "created_at": "2024-02-26T22:46:26.551Z"}}, {"model": "mainapp.client", "pk": 40, "fields": {"name": "Мякоткин Роман Дмитриевич", "contact": "+79871697974", "where_from": "", "oder_details": "", "address": "445028, Самарская область,город Тольятти,ул. Спортивная д.33", "notes": "", "created_at": "2024-02-26T23:07:42.283Z"}}, {"model": "mainapp.client", "pk": 41, "fields": {"name": "Афанасьев Владислав Олегович", "contact": "+79859971717", "where_from": "", "oder_details": "", "address": "Москва, ул.Кременчугская д 9 ПВЗ СДЕК", "notes": "", "created_at": "2024-02-26T23:12:12.138Z"}}, {"model": "mainapp.client", "pk": 42, "fields": {"name": "Новичихин Дмитрий", "contact": "ЛС", "where_from": "", "oder_details": "", "address": "394052,Воронежская область,город Воронеж (Авито-Почта)", "notes": "", "created_at": "2024-02-26T23:17:48.770Z"}}, {"model": "mainapp.client", "pk": 43, "fields": {"name": "Прокопенко Дмитрий Олегович", "contact": "", "where_from": "", "oder_details": "", "address": "Солнечногорск, д. Новая д. 38", "notes": "", "created_at": "2024-02-26T23:32:54.945Z"}}, {"model": "mainapp.client", "pk": 44, "fields": {"name": "Налюшний Даниил Викторович", "contact": "", "where_from": "Avito", "oder_details": "", "address": "188650.Ленинградская область, город Сертолово", "notes": "", "created_at": "2024-02-26T23:36:37.240Z"}}, {"model": "mainapp.client", "pk": 45, "fields": {"name": "Власов Илья Александрович", "contact": "AS", "where_from": "", "oder_details": "", "address": "185011,респ.Карелия,город Петрозаводск.", "notes": "", "created_at": "2024-02-26T23:41:53.167Z"}}, {"model": "mainapp.client", "pk": 46, "fields": {"name": "Васильев Дмитрий Александрович", "contact": "AS", "where_from": "", "oder_details": "", "address": "Ленинградская область, Лодейное Поле, ул. Урицкого 21Б СДЭК", "notes": "", "created_at": "2024-02-26T23:44:59.993Z"}}, {"model": "mainapp.client", "pk": 47, "fields": {"name": "Заболотный Максим Валентинович", "contact": "+79184352365", "where_from": "", "oder_details": "", "address": "Динской район, город Южный ул. Новая д16 ПВЗ СДЕК", "notes": "", "created_at": "2024-02-26T23:51:31.504Z"}}, {"model": "mainapp.client", "pk": 48, "fields": {"name": "Киселев Игорь Анатольевич", "contact": "ас", "where_from": "", "oder_details": "", "address": "125493,Москва АП", "notes": "", "created_at": "2024-02-26T23:54:30.161Z"}}, {"model": "mainapp.client", "pk": 49, "fields": {"name": "Филатов Михаил", "contact": "ас", "where_from": "", "oder_details": "", "address": "119192. Москва АП", "notes": "", "created_at": "2024-02-26T23:58:01.681Z"}}, {"model": "mainapp.client", "pk": 50, "fields": {"name": "Желдыбин Александр", "contact": "лс", "where_from": "", "oder_details": "", "address": "198260,Санкт-Петербург АП", "notes": "", "created_at": "2024-02-27T00:00:36.722Z"}}, {"model": "mainapp.client", "pk": 51, "fields": {"name": "Ульянов Станислав Валерьевич", "contact": "ас", "where_from": "", "oder_details": "", "address": "111672,Москва ап", "notes": "", "created_at": "2024-02-27T00:02:57.212Z"}}, {"model": "mainapp.client", "pk": 52, "fields": {"name": "Ковалев Павел Евгеньевич", "contact": "+79686418316", "where_from": "", "oder_details": "", "address": "125364,Москва Свободы д42 ВОХ", "notes": "", "created_at": "2024-02-27T00:10:05.233Z"}}, {"model": "mainapp.client", "pk": 53, "fields": {"name": "Денис", "contact": "", "where_from": "", "oder_details": "", "address": "", "notes": "", "created_at": "2024-02-27T00:25:18.151Z"}}, {"model": "mainapp.client", "pk": 54, "fields": {"name": "Павел сходненская", "contact": "", "where_from": "", "oder_details": "", "address": "", "notes": "", "created_at": "2024-02-27T00:27:33.879Z"}}, {"model": "mainapp.client", "pk": 55, "fields": {"name": "Леонов Алексей", "contact": "+79188938157", "where_from": "", "oder_details": "", "address": "346720 Ростовская область,город Аксай,проспект Ленина 30", "notes": "", "created_at": "2024-02-27T00:31:11.961Z"}}, {"model": "mainapp.client", "pk": 56, "fields": {"name": "Стрельцов Григорий Васильевич", "contact": "+79167331733", "where_from": "", "oder_details": "", "address": "108841,Москва-Троицк,парковый переулок 4 кв 220", "notes": "", "created_at": "2024-02-27T00:34:35.977Z"}}, {"model": "mainapp.client", "pk": 57, "fields": {"name": "Пушкарев Андрей Владимирович", "contact": "89670747040", "where_from": "", "oder_details": "", "address": "Москва, ул Анатолия Живова дом 6 сдек", "notes": "", "created_at": "2024-02-27T00:37:37.685Z"}}, {"model": "mainapp.order", "pk": 1, "fields": {"created_at": "2023-11-15T09:26:53.079Z"}}, {"model": "mainapp.order", "pk": 2, "fields": {"created_at": "2023-11-15T09:29:27.081Z"}}, {"model": "mainapp.order", "pk": 3, "fields": {"created_at": "2023-11-15T09:34:44.665Z"}}, {"model": "mainapp.order", "pk": 4, "fields": {"created_at": "2023-11-15T09:37:12.627Z"}}, {"model": "mainapp.order", "pk": 5, "fields": {"created_at": "2023-11-15T09:59:02.608Z"}}, {"model": "mainapp.order", "pk": 6, "fields": {"created_at": "2023-12-01T05:55:46.191Z"}}, {"model": "mainapp.order", "pk": 7, "fields": {"created_at": "2023-12-01T06:03:46.547Z"}}, {"model": "mainapp.order", "pk": 8, "fields": {"created_at": "2023-12-01T06:09:40.882Z"}}, {"model": "mainapp.order", "pk": 9, "fields": {"created_at": "2023-12-01T06:17:31.168Z"}}, {"model": "mainapp.order", "pk": 10, "fields": {"created_at": "2023-12-04T02:44:52.654Z"}}, {"model": "mainapp.order", "pk": 11, "fields": {"created_at": "2023-12-04T02:56:19.720Z"}}, {"model": "mainapp.order", "pk": 12, "fields": {"created_at": "2023-12-04T03:05:35.281Z"}}, {"model": "mainapp.order", "pk": 13, "fields": {"created_at": "2023-12-04T03:06:40.913Z"}}, {"model": "mainapp.order", "pk": 14, "fields": {"created_at": "2023-12-04T03:17:59.347Z"}}, {"model": "mainapp.order", "pk": 15, "fields": {"created_at": "2023-12-09T09:18:46.475Z"}}, {"model": "mainapp.order", "pk": 16, "fields": {"created_at": "2023-12-11T18:59:29.067Z"}}, {"model": "mainapp.order", "pk": 17, "fields": {"created_at": "2023-12-15T12:07:12.056Z"}}, {"model": "mainapp.order", "pk": 18, "fields": {"created_at": "2023-12-15T12:24:32.836Z"}}, {"model": "mainapp.order", "pk": 19, "fields": {"created_at": "2023-12-15T12:27:38.504Z"}}, {"model": "mainapp.order", "pk": 20, "fields": {"created_at": "2024-01-06T19:50:24.081Z"}}, {"model": "mainapp.order", "pk": 21, "fields": {"created_at": "2024-01-15T16:52:29.079Z"}}, {"model": "mainapp.order", "pk": 22, "fields": {"created_at": "2024-01-15T17:00:31.553Z"}}, {"model": "mainapp.order", "pk": 23, "fields": {"created_at": "2024-01-25T05:07:36.765Z"}}, {"model": "mainapp.order", "pk": 24, "fields": {"created_at": "2024-01-27T15:42:59.969Z"}}, {"model": "mainapp.order", "pk": 25, "fields": {"created_at": "2024-01-27T15:48:51.154Z"}}, {"model": "mainapp.order", "pk": 26, "fields": {"created_at": "2024-01-27T15:54:33.202Z"}}, {"model": "mainapp.order", "pk": 27, "fields": {"created_at": "2024-01-27T16:02:06.244Z"}}, {"model": "mainapp.order", "pk": 28, "fields": {"created_at": "2024-02-11T12:39:11.765Z"}}, {"model": "mainapp.order", "pk": 29, "fields": {"created_at": "2024-02-14T19:57:02.403Z"}}, {"model": "mainapp.order", "pk": 30, "fields": {"created_at": "2024-02-14T20:15:48.441Z"}}, {"model": "mainapp.order", "pk": 31, "fields": {"created_at": "2024-02-14T20:19:27.206Z"}}, {"model": "mainapp.order", "pk": 32, "fields": {"created_at": "2024-02-14T20:22:09.237Z"}}, {"model": "mainapp.order", "pk": 33, "fields": {"created_at": "2024-02-14T20:30:19.799Z"}}, {"model": "mainapp.order", "pk": 34, "fields": {"created_at": "2024-02-14T20:36:58.976Z"}}, {"model": "mainapp.order", "pk": 35, "fields": {"created_at": "2024-02-17T09:11:32.826Z"}}, {"model": "mainapp.order", "pk": 36, "fields": {"created_at": "2024-02-17T09:11:47.169Z"}}, {"model": "mainapp.order", "pk": 37, "fields": {"created_at": "2024-02-26T22:58:51.959Z"}}, {"model": "mainapp.order", "pk": 38, "fields": {"created_at": "2024-02-26T23:09:02.200Z"}}, {"model": "mainapp.order", "pk": 39, "fields": {"created_at": "2024-02-26T23:14:26.016Z"}}, {"model": "mainapp.order", "pk": 40, "fields": {"created_at": "2024-02-26T23:20:19.493Z"}}, {"model": "mainapp.order", "pk": 41, "fields": {"created_at": "2024-02-26T23:21:42.892Z"}}, {"model": "mainapp.order", "pk": 42, "fields": {"created_at": "2024-02-26T23:25:12.044Z"}}, {"model": "mainapp.order", "pk": 43, "fields": {"created_at": "2024-02-26T23:34:19.329Z"}}, {"model": "mainapp.order", "pk": 44, "fields": {"created_at": "2024-02-26T23:37:33.272Z"}}, {"model": "mainapp.order", "pk": 45, "fields": {"created_at": "2024-02-26T23:42:50.794Z"}}, {"model": "mainapp.order", "pk": 46, "fields": {"created_at": "2024-02-26T23:46:51.373Z"}}, {"model": "mainapp.order", "pk": 47, "fields": {"created_at": "2024-02-26T23:52:24.152Z"}}, {"model": "mainapp.order", "pk": 48, "fields": {"created_at": "2024-02-26T23:56:15.211Z"}}, {"model": "mainapp.order", "pk": 49, "fields": {"created_at": "2024-02-26T23:58:57.560Z"}}, {"model": "mainapp.order", "pk": 50, "fields": {"created_at": "2024-02-27T00:01:24.322Z"}}, {"model": "mainapp.order", "pk": 51, "fields": {"created_at": "2024-02-27T00:03:47.084Z"}}, {"model": "mainapp.order", "pk": 52, "fields": {"created_at": "2024-02-27T00:11:02.841Z"}}, {"model": "mainapp.order", "pk": 53, "fields": {"created_at": "2024-02-27T00:17:36.222Z"}}, {"model": "mainapp.order", "pk": 54, "fields": {"created_at": "2024-02-27T00:22:00.194Z"}}, {"model": "mainapp.order", "pk": 55, "fields": {"created_at": "2024-02-27T00:25:18.148Z"}}, {"model": "mainapp.order", "pk": 56, "fields": {"created_at": "2024-02-27T00:27:33.876Z"}}, {"model": "mainapp.order", "pk": 57, "fields": {"created_at": "2024-02-27T00:31:58.152Z"}}, {"model": "mainapp.order", "pk": 58, "fields": {"created_at": "2024-02-27T00:35:36.747Z"}}, {"model": "mainapp.order", "pk": 59, "fields": {"created_at": "2024-02-27T00:38:16.726Z"}}, {"model": "mainapp.order", "pk": 60, "fields": {"created_at": "2024-02-27T11:27:11.524Z"}}, {"model": "mainapp.orderposition", "pk": 2, "fields": {"order": 2, "client": 1, "description": "<p>1.ФТР650Я 2 шт</p><p>2.ФТП550Я 1 шт&nbsp;</p>", "track_number": "80111889070346", "status": 3}}, {"model": "mainapp.orderposition", "pk": 3, "fields": {"order": 3, "client": 2, "description": "<p>1. ФТР700Я - 1шт&nbsp;</p>", "track_number": "80111790383542", "status": 3}}, {"model": "mainapp.orderposition", "pk": 4, "fields": {"order": 4, "client": 4, "description": "<p>1. ФТР600Я 1 шт</p><p>2. ФТП600Я 1 шт&nbsp;</p>", "track_number": "80111091860100", "status": 3}}, {"model": "mainapp.orderposition", "pk": 5, "fields": {"order": 5, "client": 5, "description": "<p>1. КТ700ТЯ 1 шт&nbsp;</p>", "track_number": "80511490800194", "status": 3}}, {"model": "mainapp.orderposition", "pk": 6, "fields": {"order": 6, "client": 6, "description": "<p>1. ЧСГ430р-Б&nbsp; &nbsp;1шт&nbsp;</p>", "track_number": "80111091858084", "status": 3}}, {"model": "mainapp.orderposition", "pk": 7, "fields": {"order": 7, "client": 2, "description": "<p>1. ШВ800Я 1шт</p><p><br></p>", "track_number": "", "status": 4}}, {"model": "mainapp.orderposition", "pk": 8, "fields": {"order": 8, "client": 7, "description": "<p>1. ФТР650Я.&nbsp; 1шт</p><p>2. ГВК900Я&nbsp; &nbsp; 1шт</p><p>3. ГС390Б&nbsp; &nbsp; &nbsp;1 шт</p><p>4. РИЛ18Я&nbsp; &nbsp; 1 шт&nbsp;</p><p>5. ЧСРИ355Б 1шт&nbsp;</p><p>6. ЧСКА355Я 1шт&nbsp;</p>", "track_number": "80110991981168", "status": 3}}, {"model": "mainapp.orderposition", "pk": 9, "fields": {"order": 9, "client": 8, "description": "<p>1. ГС390Я.&nbsp; &nbsp; &nbsp;1 шт&nbsp;</p>", "track_number": "80111091859067", "status": 3}}, {"model": "mainapp.orderposition", "pk": 10, "fields": {"order": 10, "client": 9, "description": "<p>1. ФТН650Я&nbsp; &nbsp;1шт&nbsp;</p>", "track_number": "80511490800194", "status": 3}}, {"model": "mainapp.orderposition", "pk": 11, "fields": {"order": 11, "client": 10, "description": "<p>Ручка на заказ 700мм&nbsp;</p><p>Сборка топора&nbsp;</p>", "track_number": "Самовывоз", "status": 3}}, {"model": "mainapp.orderposition", "pk": 12, "fields": {"order": 12, "client": 11, "description": "<p>1. ШвТ550Я&nbsp; 1шт&nbsp;</p>", "track_number": "80514990950437", "status": 3}}, {"model": "mainapp.orderposition", "pk": 13, "fields": {"order": 13, "client": 11, "description": "<p>1.ШвТ600Я 1 шт&nbsp;</p>", "track_number": "80088790906845", "status": 3}}, {"model": "mainapp.orderposition", "pk": 14, "fields": {"order": 14, "client": 12, "description": "<p>1. ШвВ800Я 1шт + сборка Онежский тип.</p><p>2. ФТР750Я - 1шт + сборка билнас голова рем. 12.2&nbsp;</p>", "track_number": "1485360887 СДЕК", "status": 3}}, {"model": "mainapp.orderposition", "pk": 15, "fields": {"order": 15, "client": 14, "description": "<p>1. ОТВ800Я 1шт&nbsp;</p>", "track_number": "Боксбери", "status": 3}}, {"model": "mainapp.orderposition", "pk": 16, "fields": {"order": 16, "client": 15, "description": "<p>1. ФТР650Я 1шт&nbsp;</p>", "track_number": "80511891950290 АД", "status": 3}}, {"model": "mainapp.orderposition", "pk": 17, "fields": {"order": 17, "client": 16, "description": "<p>1. ФТР700Я 1 шт&nbsp;</p>", "track_number": "80511991942829", "status": 3}}, {"model": "mainapp.orderposition", "pk": 18, "fields": {"order": 18, "client": 17, "description": "<p>1.ЧСГск430Б&nbsp; 4 шт&nbsp;</p>", "track_number": "1498055357", "status": 3}}, {"model": "mainapp.orderposition", "pk": 19, "fields": {"order": 19, "client": 6, "description": "<p>1. ЧСГск430Б. 1шт&nbsp;</p>", "track_number": "80110392911290", "status": 3}}, {"model": "mainapp.orderposition", "pk": 20, "fields": {"order": 20, "client": 18, "description": "<p>1. КТ-9.2-600Я</p>", "track_number": "80110392912082", "status": 3}}, {"model": "mainapp.orderposition", "pk": 21, "fields": {"order": 21, "client": 19, "description": "<p>1. ФТР600Я - 1 шт&nbsp;</p>", "track_number": "1510512193", "status": 3}}, {"model": "mainapp.orderposition", "pk": 22, "fields": {"order": 22, "client": 20, "description": "<p>ФТР550Я 1 ШТ&nbsp;</p>", "track_number": "80111492153450", "status": 3}}, {"model": "mainapp.orderposition", "pk": 23, "fields": {"order": 23, "client": 27, "description": "<p>1. ГС390Я</p>", "track_number": "80088492406285", "status": 3}}, {"model": "mainapp.orderposition", "pk": 24, "fields": {"order": 24, "client": 28, "description": "<p>1. ФТР430Я 1 шт&nbsp;</p><p>2. КТР450Я 1 шт&nbsp;</p>", "track_number": "80088492408913", "status": 3}}, {"model": "mainapp.orderposition", "pk": 25, "fields": {"order": 25, "client": 29, "description": "<p>Легкий валочный топор (сборка,заточка)</p><p>1. Топорище заказное&nbsp;</p><p><br></p>", "track_number": "", "status": 3}}, {"model": "mainapp.orderposition", "pk": 26, "fields": {"order": 26, "client": 30, "description": "<p>1. ФТН600Я 1</p><p>Насадка&nbsp;</p>", "track_number": "Самовывоз", "status": 3}}, {"model": "mainapp.orderposition", "pk": 27, "fields": {"order": 27, "client": 31, "description": "<p>1. ГС390Б 1 шт&nbsp;</p><p>2. ФТР630Я 1 шт&nbsp;</p><p>3. ШТО700 1 шт&nbsp;</p>", "track_number": "80110193295278", "status": 3}}, {"model": "mainapp.orderposition", "pk": 28, "fields": {"order": 28, "client": 32, "description": "<p>ЩТ1000Я 1шт</p><p>ССТ400Я 1 шт</p>", "track_number": "1523572686 C", "status": 3}}, {"model": "mainapp.orderposition", "pk": 29, "fields": {"order": 29, "client": 33, "description": "<p>СТГ390Б 1 шт&nbsp;</p>", "track_number": "80088993571345", "status": 3}}, {"model": "mainapp.orderposition", "pk": 30, "fields": {"order": 30, "client": 20, "description": "<p>СТГ390Я 1 шт&nbsp;</p><p>СВис150Я 1шт&nbsp;</p>", "track_number": "80512692816938 П", "status": 3}}, {"model": "mainapp.orderposition", "pk": 31, "fields": {"order": 31, "client": 34, "description": "<p>СТГ390Я (год 1940) 1 шт&nbsp;</p>", "track_number": "самовывоз", "status": 3}}, {"model": "mainapp.orderposition", "pk": 32, "fields": {"order": 32, "client": 35, "description": "<p>СТГ390Я 1 шт&nbsp;&nbsp;</p>", "track_number": "1522199701 СДЕК", "status": 3}}, {"model": "mainapp.orderposition", "pk": 33, "fields": {"order": 33, "client": 36, "description": "<p>Свис 150Я 1 шт&nbsp;</p>", "track_number": "", "status": 2}}, {"model": "mainapp.orderposition", "pk": 34, "fields": {"order": 34, "client": 37, "description": "<p>ОТВ800Я 1 шт&nbsp;</p><p>ФТР650+Я 1 шт&nbsp;</p>", "track_number": "80512893677390", "status": 3}}, {"model": "mainapp.orderposition", "pk": 35, "fields": {"order": 35, "client": 38, "description": "<p>ФТР 600Я 1 шт&nbsp;</p><p>ФТФ700Я 1шт&nbsp;</p><p>Доп.работы&nbsp;</p><p>Насадка,<span style=\"font-family: var(--bs-font-sans-serif); font-size: 1rem;\">Воронение,заточка&nbsp;</span></p>", "track_number": "80110193314641", "status": 3}}, {"model": "mainapp.orderposition", "pk": 36, "fields": {"order": 36, "client": 38, "description": "<p>ФТР 600Я 1 шт&nbsp;</p><p>ФТФ700Я 1шт&nbsp;</p><p>Доп.работы&nbsp;</p><p>Насадка,<span style=\"font-family: var(--bs-font-sans-serif); font-size: 1rem;\">Воронение,заточка&nbsp;</span></p>", "track_number": "80110193314641", "status": 3}}, {"model": "mainapp.orderposition", "pk": 37, "fields": {"order": 37, "client": 39, "description": "<p>1. ФTP650Я - 1 шт&nbsp;</p><p>+насадка</p>", "track_number": "80513792586011", "status": 3}}, {"model": "mainapp.orderposition", "pk": 38, "fields": {"order": 38, "client": 40, "description": "<p>1.МПЛ50 \"Ратник\" 2 шт</p>", "track_number": "0000200620343 BOX", "status": 3}}, {"model": "mainapp.orderposition", "pk": 39, "fields": {"order": 39, "client": 41, "description": "<p>ФТЗ500Я 1 шт</p>", "track_number": "1524460137 С", "status": 3}}, {"model": "mainapp.orderposition", "pk": 40, "fields": {"order": 40, "client": 42, "description": "<p>1. СЧСВ 250Б 10шт</p><p>2.СЧСГ 430Б 4шт</p>", "track_number": "80510593438600 АП", "status": 3}}, {"model": "mainapp.orderposition", "pk": 41, "fields": {"order": 41, "client": 12, "description": "<p>насадка 2 топора&nbsp;</p>", "track_number": "80512992416470", "status": 3}}, {"model": "mainapp.orderposition", "pk": 42, "fields": {"order": 42, "client": 20, "description": "<p>1. СТГ390Я 1шт</p><p>2.РСФ200Я 1шт</p>", "track_number": "80110493037806", "status": 3}}, {"model": "mainapp.orderposition", "pk": 43, "fields": {"order": 43, "client": 43, "description": "<p>1.ОТВ800Я 1 шт&nbsp;</p>", "track_number": "1505453405 С", "status": 3}}, {"model": "mainapp.orderposition", "pk": 44, "fields": {"order": 44, "client": 44, "description": "<p>1. ФТР700Я</p>", "track_number": "80512292277665", "status": 3}}, {"model": "mainapp.orderposition", "pk": 45, "fields": {"order": 45, "client": 45, "description": "<p>ФТР700Я 1 шт</p>", "track_number": "80513291083981", "status": 3}}, {"model": "mainapp.orderposition", "pk": 46, "fields": {"order": 46, "client": 46, "description": "<p>ФТР 700Я 1 шт</p>", "track_number": "1504989937 С", "status": 3}}, {"model": "mainapp.orderposition", "pk": 47, "fields": {"order": 47, "client": 47, "description": "<p>ФТР800Я</p>", "track_number": "1504990489 С", "status": 3}}, {"model": "mainapp.orderposition", "pk": 48, "fields": {"order": 48, "client": 48, "description": "1. ЧССГ490Б 2 шт&nbsp;", "track_number": "80512692050660 ап", "status": 3}}, {"model": "mainapp.orderposition", "pk": 49, "fields": {"order": 49, "client": 49, "description": "<p>1.СТГ390 1 шт</p>", "track_number": "80511092225425", "status": 3}}, {"model": "mainapp.orderposition", "pk": 50, "fields": {"order": 50, "client": 50, "description": "<p>ФТР 650Я</p>", "track_number": "80511393010409", "status": 3}}, {"model": "mainapp.orderposition", "pk": 51, "fields": {"order": 51, "client": 51, "description": "<p>ФТП650Я 1 шт&nbsp;</p>", "track_number": "80513190787621", "status": 3}}, {"model": "mainapp.orderposition", "pk": 52, "fields": {"order": 52, "client": 52, "description": "<p>СТГ390Я 1 шт&nbsp;</p>", "track_number": "0000199849102", "status": 3}}, {"model": "mainapp.orderposition", "pk": 53, "fields": {"order": 53, "client": 17, "description": "<p><span style=\"color: rgb(0, 0, 0); background-color: rgb(226, 227, 229);\">ЧСГск430Б 1 шт</span><br></p>", "track_number": "1508758726", "status": 3}}, {"model": "mainapp.orderposition", "pk": 54, "fields": {"order": 54, "client": 37, "description": "<p>1. ФТР 500Я 1 шт&nbsp;</p>", "track_number": "почта", "status": 1}}, {"model": "mainapp.orderposition", "pk": 55, "fields": {"order": 55, "client": 53, "description": "<p>ФТР650Я 1 шт&nbsp;</p>", "track_number": "АП", "status": 1}}, {"model": "mainapp.orderposition", "pk": 56, "fields": {"order": 56, "client": 54, "description": "<p>Аланскй боевой топор 9-8 век до н.э (ручка насадка)</p>", "track_number": "", "status": 2}}, {"model": "mainapp.orderposition", "pk": 57, "fields": {"order": 57, "client": 55, "description": "<p>1. СТГ 390 3 шт&nbsp;</p>", "track_number": "почта", "status": 1}}, {"model": "mainapp.orderposition", "pk": 58, "fields": {"order": 58, "client": 56, "description": "<p>1. ФТР 500Я</p><p>2. ФТР 630 КБ&nbsp;</p>", "track_number": "", "status": 2}}, {"model": "mainapp.orderposition", "pk": 59, "fields": {"order": 59, "client": 57, "description": "<p>Насадка лопаты 1939 год</p>", "track_number": "", "status": 4}}]